"student_id","student_name","student_score","student_range","student_answer"
"20190001","愷魏偉",95,"top","BCCDEEDEABCD*EDAACDB"
"20190002","林王李",81.25,"front","DCCDEEDAABCDEDDAACDB"
"20190003","洪王彥",25,"bottom","BCDCDBDEBBBBBECABDDC"
"20190004","偉冠家",100,"top","BCCDEEDEABCDEEDAACDB"
"20190005","宏錩冠",31.25,"bottom","ECCDBEADBBBCDBEAABDB"
"20190006","林韋蔡",63.75,"mean","BCCDE*D*ADC*E*D*ACD*"
"20190007","洪耀陳",87.5,"front","CCCDEEDEABCDAEDAACDB"
"20190008","朱舒陸",62.5,"mean","CCDCEEDEEBCDDEDAACDA"
"20190009","陳王揚",37.5,"rear","ACCEECDEAABDAEBAEADA"
"20190010","傑曾明",31.25,"bottom","BECEECDECBCBBEACAEAA"
"20190011","昱憶宣",56.25,"rear","CACDEDDEABCDEAEABCDC"
"20190012","藍豪小",37.5,"rear","DDCCEADDEBCCBECEACDB"
"20190013","許謝蘇",37.5,"rear","BEBCEDEEBDCDEEEAADDE"
"20190014","益邱趙",75,"mean","BCADEEDEDBCDABDAACDB"
"20190015","智林蔣",81.25,"front","BCCDEEDEABCAEEDDACCB"
"20190016","林林黃",93.75,"top","BCCDEEDEAECDEEDAACDB"
"20190017","良趙李",100,"top","BCCDEEDEABCDEEDAACDB"
"20190018","瑄奕成",25,"bottom","DBCDEEDCBACADBBBAEBB"
"20190019","焱宇季",62.5,"mean","BCCDDEDEAECDEDADACAB"
"20190020","蘇丞洪",100,"top","BCCDEEDEABCDEEDAACDB"
"20190021","瑞謝君",56.25,"rear","BB*DAEDEDB*D*E**ACDB"
"20190022","賴陳昌",43.75,"rear","BBBBEEDBDBAAEDDCACDB"
"20190023","銘家信",68.75,"mean","BCCDCEDCABADEEDAACBC"
"20190024","慶黃邱",25,"bottom","BEAEEEAEAAEDBEAACBBC"
"20190025","沂徐智",31.25,"bottom","CBCDBDCBABDCAEAAACDE"
"20190026","丞智林",100,"top","BCCDEEDEABCDEEDAACDB"
"20190027","梓俊劉",56.25,"rear","BCDAEBDEABADEEDAAAAE"
"20190028","宏洪麒",50,"rear","BDCBEEDEABDAEABEAADB"
"20190029","秦宸瑄",100,"top","BCCDEEDEABCDEEDAACDB"
"20190030","智振冠",18.75,"bottom","CBDEBDDCAECAEBDCCCEB"
"20190031","復曾王",25,"bottom","CACEEEDBEAADEDDBDCEC"
"20190032","信吳儀",75,"mean","BCCDCAEEEBCDEEDAACDB"
"20190033","政蔣齊",55,"rear","CCCCD*D*ABCDE*DA*CEB"
"20190034","瑞楊憶",37.5,"rear","DCBBBEBEDCADCEDAAEDB"
"20190035","藍趙許",63.75,"mean","B*C**EDCA**DEEDA*CDB"
"20190036","孫洪皇",50,"rear","BCCDEBDDDBEDDBDAABBB"
"20190037","彥孫育",87.5,"front","BCCDEEDEABEDEEDACCDB"
"20190038","傑平翔",87.5,"front","BBADEEDEABCDEEDAACDB"
"20190039","恩盈輝",62.5,"mean","ACCDEEDEDBDDEEEAAECB"
"20190040","李黃洪",37.5,"rear","DCCBDADCABCCEDDDACEA"
"20190041","林平信",31.25,"bottom","ECBBEEDEBBDDACDCBDBB"
"20190042","文祥有",28.75,"bottom","ECEEEADDC*AEEEDBAC**"
"20190043","翔復李",62.5,"mean","CCCBEEDEABCDECEEDCDB"
"20190044","彥皇曾",43.75,"rear","ACCDEBBBACCDEEBCAACB"
"20190045","宣佳致",37.5,"rear","BBCDDCDECCCECEDABCCE"
"20190046","昌曾瑞",87.5,"front","BCCDEEDEABCDEDDAACBB"
"20190047","李帆秉",12.5,"bottom","BCEAAEBDADDBAABBBCBB"
"20190048","齊劉健",75,"mean","BECEEEDEABCDEACAACDB"
"20190049","簡託徐",50,"rear","BBBDEEDEABADBEBDADBB"
"20190050","瑜群杜",37.5,"rear","BCCDAEDCEAEEECDDACEA"
"20190051","黃郁恩",31.25,"bottom","BABCABABCBCDECDAADDE"
"20190052","邱佳錦",18.75,"bottom","ACEE**DCCBDD*E*C*DDD"
"20190053","盈施冠",87.5,"front","BCCDEEDEABCDEADAACAB"
"20190054","泓旻延",62.5,"mean","BCADEECDABCDEEEAADCB"
"20190055","奕益偉",100,"top","BCCDEEDEABCDEEDAACDB"
"20190056","芷施輔",68.75,"mean","ACCDEEDEDBCBECAAACDB"
"20190057","盈王林",58.75,"rear","E*ADEEEEABCDEECAAB*B"
"20190058","慈盈柏",0,"bottom","********************"
"20190059","黃家翔",100,"top","BCCDEEDEABCDEEDAACDB"
"20190060","葉慶皇",56.25,"rear","ECCAEECEAEBDEEDEADDB"
"20190061","弘黃資",25,"bottom","ECBCEBECDACBAEDACCDE"
"20190062","吟鴻翰",81.25,"front","BCCDBEDEABCDEEDCACDD"
"20190063","蓉李林",81.25,"front","BCCDEBDEEACDEEDAACDB"
"20190064","瑜舒周",25,"bottom","CECDEEDACCCBEACDBEDD"
"20190065","洪如哲",71.25,"mean","ACBDEEDAAB*D*EDAACDB"
"20190066","憶仲帆",62.5,"mean","BCCEEEAAABCAEEDAAAAB"
"20190067","耀邵陸",62.5,"mean","ADCAEEDEDBCDCEDAACAB"
"20190068","冠冠昕",0,"bottom","********************"
"20190069","劉喬旻",81.25,"front","BACDEEDEADCDEEDBACDB"
"20190070","翰涵勝",68.75,"mean","BCCDDEBEABBDEEDCACDD"
"20190071","郁豪信",56.25,"rear","CCCDEABEABCEAECADCDB"
"20190072","書李蔡",43.75,"rear","ECCDAEDABBAACEDAADDE"
"20190073","蔣達友",75,"mean","DCCDEEDEAEADEEEAACDB"
"20190074","張俊丞",81.25,"front","BCBDEEDEABCBEADAACDB"
"20190075","陳柏慶",50,"rear","***A*EDEBBCDEADAA*DE"
"20190076","帆蔡王",43.75,"rear","BCCAEEDEEECCBADCADDA"
"20190077","鼎縉憶",87.5,"front","BCCDBEDEABCDEEDADCDB"
"20190078","豐嘉翰",87.5,"front","BCCDEEDAABCBEEDAACDB"
"20190079","謝君杜",17.5,"bottom","BCE*DD*DDBADD*DDEC*C"
"20190080","林凱冠",62.5,"mean","BEEDCCDEABDDEEDAACEB"
"20190081","鼎成邱",62.5,"mean","BBDDEEEEABBDEBDABCDB"
"20190082","子家洪",75,"mean","ACCDEEDEABBDEADCACDB"
"20190083","育夢黃",43.75,"rear","DADCEEDBACCDEEBACEDB"
"20190084","銘緣宣",75,"mean","BACDEEDEABBDEBCAACDB"
"20190085","柏融承",62.5,"mean","BBCDEADEBBCDECEDACDB"
"20190086","銘林許",12.5,"bottom","EEEDEABDDBACEEDBBACD"
"20190087","鑫翔昱",56.25,"rear","BCEDBDDEABCDBBDAACEE"
"20190088","吳則延",87.5,"front","DCCDEEDEADCDEEDAACDB"
"20190089","宇彥鴻",62.5,"mean","BCCAAEDEABCCECBAACDD"
"20190090","豪信黃",100,"top","BCCDEEDEABCDEEDAACDB"
"20190091","苡成黃",18.75,"bottom","DAEBEBBAACCDBCBBACBB"
"20190092","邵耀楊",57.5,"rear","*C*DC**EBBCD*EDAACD*"
"20190093","子杜澤",50,"rear","BCDCDEDEADCEEBDABCCB"
"20190094","俊陳謝",81.25,"front","BCCDEADEABCDEADBACDB"
"20190095","家蔡劉",25,"bottom","CAABEEBBADADECDAAEBD"
"20190096","夫蘇翁",87.5,"front","BACDEEDEABEDEEDAACDB"
"20190097","林楚承",81.25,"front","BCCDEEDEABCDABDAACEB"
"20190098","成吳清",68.75,"mean","ACEAEEDEABADEEDAACDE"
"20190099","蘇徐鈞",81.25,"front","BCCDEADEABCDEEDBAEDB"
"20190100","齊平劉",68.75,"mean","BCCDDEDEABCDEEABAAAB"
"20190101","丞彬凱",56.25,"rear","BAADBEDEABCBEDDEACDD"
"20190102","廷天緣",43.75,"rear","BAEDEEDCEBCCCCCBACDB"
"20190103","黃家勝",50,"rear","BCCDEEDBADCDADCECADB"
"20190104","明昱楊",37.5,"rear","DCCECEBDDECDACAAACDB"
"20190105","榮許林",87.5,"front","ACCDEEDEDBCDEEDAACDB"
"20190106","李李陳",81.25,"front","BECDEEDEABCDEADAACDA"
"20190107","李夢君",93.75,"top","BCADEEDEABCDEEDAACDB"
"20190108","盈祥宜",12.5,"bottom","DDEBBEEDABCDEBEECDEA"
"20190109","謙朱黃",50,"rear","BCDBEEDDDBCCEBDABCAB"
"20190110","家專謙",81.25,"front","BCCDDEDDABCDEEDDACDB"
"20190111","智帆宇",0,"bottom","********************"
"20190112","楊苡宸",93.75,"top","BCCDEEDEABCDEEDAACDC"
"20190113","家泓仲",81.25,"front","BCCDEEDECBDDEEDAABDB"
"20190114","研黃君",75,"mean","BCCDDEDEABCDEEDADBDA"
"20190115","林徐鼎",87.5,"front","BCEDEEDEABCDEEDAACDD"
"20190116","品鵬妤",31.25,"bottom","BCADDEDADAEEAEDADABB"
"20190117","林資翔",87.5,"front","BCCDEEDEABCDEEEABCDB"
"20190118","陳蔡戴",75,"mean","BACDBEDEABCDEEEAACAB"
"20190119","和哲陳",37.5,"rear","EACDCBAEAEEDEDBAAEDB"
"20190120","欣珊柏",81.25,"front","CBCDEEDEADCDEEDAACDB"
"20190121","盈秉錞",100,"top","BCCDEEDEABCDEEDAACDB"
"20190122","蔡翔林",81.25,"front","BACDEEDEABCDEEDAACBD"
"20190123","李帆盈",81.25,"front","BBEDEEDEABCDEADAACDB"
"20190124","信葉蔡",0,"bottom","********************"
"20190125","盈黃專",81.25,"front","ACBDEEDEABCDEECAACDB"
"20190126","群正沂",0,"bottom","********************"
"20190127","秉秉俊",100,"top","BCCDEEDEABCDEEDAACDB"
"20190128","儒陳林",38.75,"rear","DB*DEEDE**CD*CBA*BD*"
"20190129","許宏陳",68.75,"mean","BDCDEEDEABDDEAAAACDA"
"20190130","劉舜信",56.25,"rear","BCDCEBDEEBCDEEDBEEDB"
"20190131","耀曾謝",0,"bottom","********************"
"20190132","嘉陳明",62.5,"mean","BDCDBEDECBCAEEDAADDD"
"20190133","輝黃駿",6.25,"bottom","BC*DBCCB*CD*CCBA*EE*"
"20190134","楊益曾",31.25,"bottom","BDCEEBBEABEDDBACADEB"
"20190135","柏宏嘉",15,"bottom","**C**BDB*DCEA*D*BAEB"
"20190136","家潘正",43.75,"rear","BDCEEEDEADBDAEBDCCEB"
"20190137","邱凱陸",100,"top","BCCDEEDEABCDEEDAACDB"
"20190138","議洪宜",81.25,"front","BCCDECCEABCDEEDAABDB"
"20190139","陳黃鼎",43.75,"rear","DCCCEEDECDEDEEDACECD"
"20190140","黃湛恩",62.5,"mean","BECCEDDEEBCDECCAACDB"
"20190141","夫奕杜",81.25,"front","BCCDEEEEABCAEEEAACDB"
"20190142","恩鴻嘉",25,"bottom","BDCBECDEDBCEABDBEDAE"
"20190143","達焱豪",87.5,"front","BCDDECDEABCDEEDAACDB"
"20190144","琬林耀",43.75,"rear","BCDDDEDEAECECEEBCADB"
"20190145","汪邱哲",43.75,"rear","BAADBDDADBEAEEDAAEDB"
"20190146","林洪恩",56.25,"rear","BACBEEDEDBAAEECCACDB"
"20190147","舒昱嘉",42.5,"rear","ADCD**D**ECDECBAABDB"
"20190148","成陳聰",100,"top","BCCDEEDEABCDEEDAACDB"
"20190149","孟陳舒",93.75,"top","BCADEEDEABCDEEDAACDB"
"20190150","羅韋宇",100,"top","BCCDEEDEABCDEEDAACDB"
"20190151","林洪林",100,"top","BCCDEEDEABCDEEDAACDB"
"20190152","陳許雯",62.5,"mean","BECDEEDEDBCEAEDACCCB"
"20190153","洪奕賴",68.75,"mean","BCCDEEAEACCDAEDAECDE"
"20190154","柏妤凱",37.5,"rear","BDEDEABCEBCDEEEECCDA"
"20190155","俊高仁",81.25,"front","BCBDEEDEABCDEEAAACEB"
"20190156","偉柏沂",87.5,"front","BCCDEEDEABCDBEDAACDA"
"20190157","健朱宣",75,"mean","BCADEEDBABCDAEDAACDE"
"20190158","璇勝黃",62.5,"mean","BCCDEEDEADADDBBBACDB"
"20190159","澐駱有",87.5,"front","BCCDAEDEABCDEEDAACBB"
"20190160","澐李劉",18.75,"bottom","EECDBACEABDDBECDCACE"
"20190161","肯喬益",93.75,"top","BCCDEEDEABCDBEDAACDB"
"20190162","瑞峻林",75,"mean","BCCDEEDAAAADEEDAAEDB"
"20190163","錦朱章",56.25,"rear","ABCBEAAEABCDEEDAADDA"
"20190164","蘇家豪",75,"mean","BBCDEEDEACCDEEDCCCDB"
"20190165","鴻林林",100,"top","BCCDEEDEABCDEEDAACDB"
"20190166","鼎洪許",25,"bottom","CEADAEDECBCBECDECABD"
"20190167","皇成簡",100,"top","BCCDEEDEABCDEEDAACDB"
"20190168","憬復託",25,"bottom","ADAAAEDAABCAEEEABDCC"
"20190169","和傑湛",68.75,"mean","BADDEEDEABCDCEDAABEB"
"20190170","丞韻宇",31.25,"bottom","DCDACCDEABCEEEECDEAB"
"20190171","吳佩苡",93.75,"top","BCBDEEDEABCDEEDAACDB"
"20190172","家政錦",12.5,"bottom","C*CDA*B*ABE*BCEEDC*E"
"20190173","丞夫樺",18.75,"bottom","BBDCEEEBDDCDBEBDADCC"
"20190174","復梓曾",93.75,"top","BCCDEEDEABCDEEDAACAB"
"20190175","曾愷復",57.5,"rear","BACDCEBEABBAEEDAA*DA"
"20190176","彥李丞",0,"bottom","********************"
"20190177","高議李",100,"top","BCCDEEDEABCDEEDAACDB"
"20190178","峻杜苡",68.75,"mean","CCCDDEDABDCDEEDAACDB"
"20190179","柏許豪",75,"mean","BCEDEEDEABCDEEDADADD"
"20190180","延吳翁",25,"bottom","AAEDBEACABBECEDBABBB"
"20190181","鵬季蔡",31.25,"bottom","DCADCEDEDBDBDEBACDBB"
"20190182","齊楊林",87.5,"front","BCDDEEDEABCBEEDAACDB"
"20190183","陳丞家",81.25,"front","BCDDEEEEABCDEEDAAADB"
"20190184","孟韻汪",93.75,"top","BCCDEEDEADCDEEDAACDB"
"20190185","國文偉",62.5,"mean","BCCDEEEEEBEDACDAECDB"
"20190186","恩鴻陳",37.5,"rear","DBCAEDDCABCDCEAACBDD"
"20190187","智永梓",25,"bottom","CCEDBDDAEACEEADECCDC"
"20190188","邱楚詹",0,"bottom","********************"
"20190189","林俊恆",100,"top","BCCDEEDEABCDEEDAACDB"
"20190190","王薏沂",81.25,"front","DECDCEDEABCDEEDAACDB"
"20190191","黃陳毅",87.5,"front","BCCDEEDEABCAEEDAAEDB"
"20190192","曾哲友",87.5,"front","BCCDCEDEABCDEEDAAADB"
"20190193","許豐陳",81.25,"front","BCCDBEDEABCDEEDAADDE"
"20190194","信怡重",87.5,"front","BACDEEDEABCDEEDAACAB"
"20190195","葉楊復",32.5,"bottom","DDECE*D*AB***EAA*CAB"
"20190196","洪錞秉",31.25,"bottom","CDBDEECEDBCEBCDAEADA"
"20190197","林廖致",62.5,"mean","BBCDEEDEADBCEEDBACCB"
"20190198","梓俊珊",31.25,"bottom","BDACEEAAADCEDECEDCDB"
"20190199","芷駱林",43.75,"rear","EABAEEDEAECDEABCBCDB"
"20190200","王奕皇",51.25,"rear","CACDCE*EABADEEEDACDA"
"20190201","季戴黃",37.5,"rear","BACDBECCDBCCAEBAACAC"
"20190202","許冠彥",81.25,"front","BCCDDEDEADCDEEDAECDB"
"20190203","趙輔彬",43.75,"rear","ECBCEECDAECDEEDAABAD"
"20190204","簡吳昕",68.75,"mean","DEEDEEDEABCDEEDAADAB"
"20190205","駱聰正",43.75,"rear","CCABBEDDABADCBDAACDC"
"20190206","群黃澤",31.25,"bottom","BCB**CAAABCBEBDCA***"
"20190207","施林李",5,"bottom","ADAEEEBEC*E*C*DBDD*A"
"20190208","盈曾琬",81.25,"front","BCCECEDEABCDEADAACDB"
"20190209","冠輔議",43.75,"rear","BBCBEBDAACCCEEDACDCB"
"20190210","宇沂琬",31.25,"bottom","DCCDCAABABBACBDAACED"
"20190211","連柏宜",42.5,"rear","B****CDEABCD**D***DD"
"20190212","明榮益",62.5,"mean","BCCDEDDEBBCDDEAAACCD"
"20190213","陳佩豐",15,"bottom","*C***E**BEDAABDAB*AB"
"20190214","蔡林翔",62.5,"mean","BCCAEBDEABCBEEDDCBDB"
"20190215","陳翔錩",56.25,"rear","BDCDDEDECBBDEBBAACBB"
"20190216","俊益林",75,"mean","BCCDEEDDABBDEBDAACCB"
"20190217","王薏肯",87.5,"front","BCCDEEDEABCDEEEBACDB"
"20190218","宇琬仁",82.5,"front","BCCDECDEABCDEDD*ACDB"
"20190219","翔林涵",70,"mean","BCC***DEAB*D*EDAA*DB"
"20190220","邱昕旻",62.5,"mean","DCCEEEDEACCDEDDBECDB"
"20190221","奕芷邱",56.25,"rear","DECDECDEBECDCBDAACDB"
"20190222","洪豪資",45,"rear","*CCDE*DEABEC*EE*E**B"
"20190223","宇施林",0,"bottom","********************"
"20190224","泓鼎銘",83.75,"front","BC**EEDEABCDEEDAACDD"
"20190225","韋翔宗",87.5,"front","BCBDEEDEABCDAEDAACDB"
"20190226","陳盈諺",81.25,"front","BCEDEABEABCDEEDAACDB"
"20190227","翔林怡",0,"bottom","********************"
"20190228","琬成舜",31.25,"bottom","BCCADEDBABAACEDBEEAC"
"20190229","憶儒李",31.25,"bottom","ADCEAEBEEBCCCDDACCDC"
"20190230","奕邱李",87.5,"front","BCCDEEDEDBCDEEDAACBB"
"20190231","孟林林",62.5,"mean","BDCDEEDEBBBDCDDAACEB"
"20190232","楚黃張",31.25,"bottom","DCEDCCBDAECDEABAABAB"
"20190233","翁泓黃",25,"bottom","ACBDDBDEECBDEACBDCCB"
"20190234","廷偉佶",81.25,"front","BCCDEEDEAECBCEDAACDB"
"20190235","儒廷陳",46.25,"rear","BCCE****DB*DECD**CDB"
"20190236","涵忠徐",56.25,"rear","BCCBACDCADCDEEEDACDB"
"20190237","蘇林林",57.5,"rear","BDCDAEDEACCBCB*AACDB"
"20190238","趙陳徐",81.25,"front","BCCDEEDEABDDECDCACDB"
"20190239","泓梓佩",40,"rear","BACD***EA*EDEC***CDD"
"20190240","林君簡",100,"top","BCCDEEDEABCDEEDAACDB"
"20190241","錞傑峻",48.75,"rear","E*C*EADEAAEBEED**CDB"
"20190242","家仲楊",68.75,"mean","CDCDEEDEABADEADEACDB"
"20190243","益苡林",37.5,"rear","BEEDDDEECBCEEEACDCDB"
"20190244","宣奕沂",56.25,"rear","BCCAEEDEABBCEEDCAABE"
"20190245","育薏豪",25,"bottom","EBDDAEBCDBCEEEBABADC"
"20190246","仲澤陳",31.25,"bottom","BDCBEEDEECBDBEADAEED"
"20190247","吳蔡珊",75,"mean","ECCDEEDEADCDEEBAACAB"
"20190248","詞珊陳",25,"bottom","BECDEBDADECCBCDABDCA"
"20190249","李諺沂",62.5,"mean","BCADEDDEBDDAEEDAACDB"
"20190250","專愷豪",0,"bottom","********************"
"20190251","專宗家",43.75,"rear","BCAEEDEEABBAEADAACBA"
"20190252","仁羅翔",25,"bottom","CEECEDDEEECBECAEACDA"
"20190253","益林則",87.5,"front","BCCDEEDEABCDCEDACCDB"
"20190254","陽黃孟",0,"bottom","********************"
"20190255","益豪薏",0,"bottom","********************"
"20190256","邱仁珊",0,"bottom","********************"
"20190257","丞小喬",68.75,"mean","BDCDDCDEABCDECDAACCB"
"20190258","朱明蔡",81.25,"front","ACCDEEDEABEDEEDEACDB"
"20190259","駱芷雯",75,"mean","BCADDEDEABCDEADAACEB"
"20190260","宇豪泰",31.25,"bottom","AACBCEDEBEABEBCAACDC"
"20190261","偉黃鄭",100,"top","BCCDEEDEABCDEEDAACDB"
"20190262","致秉泓",31.25,"bottom","BDCEECCEEABDBEDAADAD"
"20190263","彬育汪",81.25,"front","BCCDEADEABCDEEDECCDB"
"20190264","成蔣孟",68.75,"mean","DACAEBDEABCDEEDADCDB"
"20190265","峻李劉",68.75,"mean","BEDDEEDEAACDBEDBACDB"
"20190266","李齊錦",62.5,"mean","BABBEEDEBBBDEEBAACDB"
"20190267","峻和曾",77.5,"mean","BCC*EECEABCD*EEAACDB"
"20190268","李益毓",31.25,"bottom","BDCEAEDCADCDBDDCECBE"
"20190269","苡資家",25,"bottom","EBBDECCBEACDAEDABCEC"
"20190270","鑫李郭",62.5,"mean","ECADDEDEAECDEEDAACED"
"20190271","鈞嘉慶",31.25,"bottom","AAEECEBDDBBDEECAAEDB"
"20190272","陳旻翔",43.75,"rear","BBCAEEDEACCDECBDABBC"
"20190273","冠儀泰",43.75,"rear","CCCDEBDEEBCCADAACCBB"
"20190274","鄭毓恆",75,"mean","BCAAEBDEABCDECDAACDB"
"20190275","煌翰楊",56.25,"rear","BECECEDCABCEEEEACCDB"
"20190276","智簡李",68.75,"mean","BCCEECDEEBCCEEDAADDB"
"20190277","致翰李",50,"rear","EBCDECDECBDDEECEECDB"
"20190278","涵家秦",68.75,"mean","BCCDEEDCABCDCEBACCDA"
"20190279","豐藍勝",100,"top","BCCDEEDEABCDEEDAACDB"
"20190280","喬鑫智",62.5,"mean","ACCDEDDEBBCDDEDADDDB"
"20190281","李盈吳",68.75,"mean","BCEDEEAEBBCDEDDAADDB"
"20190282","仁丞偉",43.75,"rear","CCBBAEDEEECCCEDADCDB"
"20190283","恩陳宣",42.5,"rear","BB*BEADBA*C*EEDAEE*B"
"20190284","宏皇許",68.75,"mean","BCDDEEDBABBDEEDAACED"
"20190285","韻琬謝",27.5,"bottom","BCEA**DEA*E*D*A*A*DD"
"20190286","洪銘宏",68.75,"mean","*CCD*ED*ABCDEADAA*D*"
"20190287","許許蓉",50,"rear","BCCDEEDEEACEEDBBAADC"
"20190288","廷廖林",68.75,"mean","BCCDDDEEADCDEEDDACDB"
"20190289","澐黃涵",68.75,"mean","ACCDEDDEABADDEDAAEDB"
"20190290","研翔邵",87.5,"front","BCCDAEDEABBDEEDAACDB"
"20190291","林苡涵",75,"mean","BACDEEDEABABEEDAACDA"
"20190292","帆藍忠",100,"top","BCCDEEDEABCDEEDAACDB"
"20190293","徐怡儒",81.25,"front","BCEDEEDEABDDEEDBACDB"
"20190294","朱奕秦",0,"bottom","*E****ABBBBDBABB**AC"
"20190295","李許章",75,"mean","BBCDEDDEDBCDCEDAACDB"
"20190296","薏錞曾",68.75,"mean","BCCDEEDCBBCDBBDADCDB"
"20190297","曾弘昌",81.25,"front","BCCDEEDEABDDEBBAACDB"
"20190298","謝瑜哲",68.75,"mean","BBCDEEEEABADEBEAACDB"
"20190299","信傑儒",56.25,"rear","BDCDBEDACBCDEEDDEEDB"
"20190300","廷章徐",31.25,"bottom","BBEDEDDEADCDDBBDCBDE"
"20190301","良林冠",56.25,"rear","BCC**EBE*BCDEC*AAA*B"
"20190302","柏施夫",87.5,"front","BCCDEEDEACCDEEDAAEDB"
"20190303","蔣潘黃",37.5,"rear","BCEDADABEBEAEEDCCCDB"
"20190304","錞達豪",43.75,"rear","DAEDEEDAAADDEBDABCBB"
"20190305","黃小宇",43.75,"rear","BCBDCBDDABADEEDEEDDD"
"20190306","薏蔡宏",25,"bottom","EDEAEEBDEBDDEADBADDD"
"20190307","林弘儒",62.5,"mean","BCCDCEDBABAEBEDAACDD"
"20190308","林弘秉",93.75,"top","BCDDEEDEABCDEEDAACDB"
"20190309","和詹鑫",85,"front","BC*DEED*ABCD*EDAACDB"
"20190310","芷林彥",25,"bottom","BDEDEEACEBACABEAEDDB"
"20190311","鴻宇泰",68.75,"mean","BACCEEDEABCDAEDACBDB"
"20190312","苡陳孟",45,"rear","*CCAEBDEAACAEECEDCDA"
"20190313","奕明陸",31.25,"bottom","DBBDEECEAACECDAAADDC"
"20190314","冠竑洪",60,"rear","BCE*EEDDBBC*BEDAAC*B"
"20190315","潔智峻",75,"mean","BECDEEDEABCEEEDECCDB"
"20190316","柏陳建",56.25,"rear","ACCDEDDEABCCECDCEEDB"
"20190317","黃黃林",75,"mean","BCCDBEDCAEADEEDAACDB"
"20190318","翰宇王",43.75,"rear","CADDBEDEABBDBECADCDE"
"20190319","毓議章",95,"top","BCCDEE*EABCDEEDAACDB"
"20190320","林奕家",31.25,"bottom","ACCDEECBABBAECCACAED"
"20190321","潔鴻黃",100,"top","BCCDEEDEABCDEEDAACDB"
"20190322","龔融錞",81.25,"front","BCCDDEDEABCAEEDAAADB"
"20190323","哲彬周",62.5,"mean","ACCBDEDEDCCDEEDACCDB"
"20190324","憬昇泓",25,"bottom","BCEDBACECECCEABEAEDC"
"20190325","翔秉盈",37.5,"rear","CCDDEEDBBBACEEEEABDC"
"20190326","凱舜天",81.25,"front","BCCDAEDEAACDEBDAACDB"
"20190327","君蘇傑",25,"bottom","BCADBEBDCDCBBECACCCD"
"20190328","翔良宜",31.25,"bottom","ABBBAEBEADCCEACAACDC"
"20190329","俊翰黃",100,"top","BCCDEEDEABCDEEDAACDB"
"20190330","陳忠維",37.5,"rear","ACCBEADDABCCECBEAEAB"
"20190331","宏彥峻",62.5,"mean","BCEDDEDEAECCEEDAAAAB"
"20190332","朱子趙",93.75,"top","BCCDEEDEABCDEEDAACAB"
"20190333","李哲維",75,"mean","BCBEEEDAABDDEEDAACDB"
"20190334","哲楊怡",100,"top","BCCDEEDEABCDEEDAACDB"
"20190335","駿陳平",37.5,"rear","BCCDECABAACBDADAABBA"
"20190336","芷朱涵",93.75,"top","ECCDEEDEABCDEEDAACDB"
"20190337","峻翔錩",81.25,"front","BCADEEDAABCDBEDAACDB"
"20190338","儒曾維",18.75,"bottom","BBDCEBACEBDDAEBCABDC"
"20190339","黃哲陳",0,"bottom","********************"
"20190340","龔宏俊",75,"mean","BACDEEDEABCDECDBECDB"
"20190341","林錦盈",31.25,"bottom","BDCAEEADEBCDDCCDACEA"
"20190342","重冠宜",18.75,"bottom","ECDDCDACABEDCCDCDADA"
"20190343","承洪薏",68.75,"mean","BCCDEEDEAACAEEDCDCDC"
"20190344","詹良翔",56.25,"rear","ECCDECDBEBEDEEDADCDA"
"20190345","徐仁舜",87.5,"front","ECCDEEDEABCDEEAAACDB"
"20190346","信毓蓉",31.25,"bottom","EACBAEAEACCDECBCECBB"
"20190347","鴻冠彥",31.25,"bottom","BBDAAEBEDACEEAEAADDB"
"20190348","書賴凱",48.75,"rear","CCAD*EDAE**DEEDABC*B"
"20190349","寧泓政",50,"rear","BABDEEEECBCDECDCADDC"
"20190350","徐珊黃",50,"rear","CCCDBBCEAEDEEEDAACEB"
"20190351","沂陸信",62.5,"mean","BDCDEEDBABCDAEEAAADC"
"20190352","蘇政益",62.5,"mean","BCAAEADEABCDBEDCACDC"
"20190353","祥瑄黃",37.5,"rear","BACDEBADDCCDECEBECDB"
"20190354","儒偉健",62.5,"mean","BCDDEAAEABEDEEDAECCB"
"20190355","苡冠黃",8.75,"bottom","*AAEE*EE*AAAE*C***CB"
"20190356","泓李志",100,"top","BCCDEEDEABCDEEDAACDB"
"20190357","維輝喬",25,"bottom","BDBABDDEDBADCAEAABEB"
"20190358","宏妤錩",43.75,"rear","BACEBEDAABCCEDEABADB"
"20190359","憬琬蔡",100,"top","BCCDEEDEABCDEEDAACDB"
"20190360","冠彥益",43.75,"rear","DCCDEDADABADDBDDAEDB"
"20190361","薏魏李",81.25,"front","BCCDEEDECBCAEEDAECDB"
"20190362","宏陳鄭",31.25,"bottom","BEEDCEBCAEADEECABDDC"
"20190363","謝冠益",75,"mean","BCCDDEDEABCDAEDABCAB"
"20190364","智黃凱",17.5,"bottom","BCC*AA*B*DACD*DDDEDB"
"20190365","陳謝盈",31.25,"bottom","BCCCEEDD**CED*D*B*EC"
"20190366","彥許錞",93.75,"top","BDCDEEDEABCDEEDAACDB"
"20190367","黃蘇儒",93.75,"top","BCADEEDEABCDEEDAACDB"
"20190368","曾羅小",0,"bottom","********************"
"20190369","峻益沂",37.5,"rear","DEEDDEDEBACDDECAAADD"
"20190370","彥輔恩",62.5,"mean","CEBDAEDEDBCDEEDAACDC"
"20190371","舒成徐",93.75,"top","BCCDEEDEABCDEEDAACDA"
"20190372","文議維",81.25,"front","BCCDEEDEAACDECDAACDA"
"20190373","戴資陳",18.75,"bottom","CCDCEAEAACEBCCEEACDB"
"20190374","芷正豐",31.25,"bottom","ABEDACDBEBCDEECDECCB"
"20190375","夢王鑫",87.5,"front","BCCDCEDEABCDEEDDACDB"
"20190376","洪帆李",68.75,"mean","BECDEEDEAAEBEEDAAADB"
"20190377","明仁家",81.25,"front","BCCDEEDCABCDEEDAAAAB"
"20190378","毅豪陳",100,"top","BCCDEEDEABCDEEDAACDB"
"20190379","宜書哲",75,"mean","DCCDEEAEABCDEEDAAEDD"
"20190380","廷信群",43.75,"rear","BCEDDCCCDACDEECAAADB"
"20190381","肇洪如",93.75,"top","CCCDEEDEABCDEEDAACDB"
"20190382","葉韻宏",22.5,"bottom","BCADBEEBEAABE*AA*CA*"
"20190383","良佩蔣",37.5,"rear","AECDEAECAECDEEAEBCDE"
"20190384","豪柏鴻",93.75,"top","BCCDEEDEABCDEDDAACDB"
"20190385","峻梁錞",68.75,"mean","ACBDEEDEAACAEEDAAADB"
"20190386","儒和詹",30,"bottom","DD*AEA*EAACDC*DAAB*C"
"20190387","錦陽雯",35,"bottom","BCBDB*D*AA**E*DA***E"
"20190388","陸瑞信",100,"top","BCCDEEDEABCDEEDAACDB"
"20190389","信冠安",37.5,"rear","BEEDEEDEBEBCEAAAACCA"
"20190390","楚良李",75,"mean","BCCDEEDEABBBEBDAACDE"
"20190391","曾夫林",62.5,"mean","BCCDEDAEDBCAEECAACDE"
"20190392","林毅林",75,"mean","BCCDEEDEABDDDEDDABDB"
"20190393","葉宏詞",75,"mean","BCCDBEDEACCDBEDADCDB"
"20190394","安薏夫",87.5,"front","BCCDDEDEABCBEEDAACDB"
"20190395","良李國",33.75,"bottom","EECDECDEABBEBBAA**DD"
"20190396","明致林",25,"bottom","BDCEDEAECBCDBAEBEEBB"
"20190397","豪林柏",37.5,"rear","ACEAECDDADCADEDACCDE"
"20190398","維成謝",43.75,"rear","EBCBEADBABCCEEAEDCDB"
"20190399","李林宇",0,"bottom","********************"
"20190400","嘉振復",75,"mean","BDCDEEAEBBCDEEDAACDA"
"20190401","黃翰李",100,"top","BCCDEEDEABCDEEDAACDB"
"20190402","林李湛",93.75,"top","BCCBEEDEABCDEEDAACDB"
"20190403","麒樺小",87.5,"front","BCCDEBCEABCDEEDAACDB"
"20190404","宣佶林",12.5,"bottom","DCDEDEDBDADDADCACCAC"
"20190405","儒陳智",100,"top","BCCDEEDEABCDEEDAACDB"
"20190406","柏成瑞",62.5,"mean","BECEEEDAABEDEEAAABDB"
"20190407","仁彥李",81.25,"front","BCDDEEDEBBCDEEDAADDB"
"20190408","喬重珊",68.75,"mean","ACCDCEDDDBCDDEDAACDB"
"20190409","冠輝儒",87.5,"front","BCCDDEDEABCDAEDAACDB"
"20190410","厲弘瑜",68.75,"mean","BCCAEEDEABADEEBEADDB"
"20190411","李陳冠",25,"bottom","CBBEBACAEBCDBEDBABDB"
"20190412","憬翔明",0,"bottom","********************"
"20190413","豪喬孟",75,"mean","CCCDEEDCABCDCEEAACDB"
"20190414","林李家",62.5,"mean","BECDEEDDCACCEEDEACDB"
"20190415","俊政成",31.25,"bottom","ECDDBEDEABBEBDCBACAC"
"20190416","儀林鼎",75,"mean","BCCDEEDEABCBAEBAACDD"
"20190417","連緣林",100,"top","BCCDEEDEABCDEEDAACDB"
"20190418","蔡峻友",68.75,"mean","BADDEBDEABCDEEDAACED"
"20190419","皇維湛",43.75,"rear","ECCAEEEBEBCCEBDEACDD"
"20190420","翔蔡豪",56.25,"rear","BDBECEDECDCDEEDAAADB"
"20190421","偉文邵",8.75,"bottom","ECE*E*E*EE*A*C*ABC*D"
"20190422","薏黃輔",100,"top","BCCDEEDEABCDEEDAACDB"
"20190423","麒昕吳",75,"mean","BCCEEEAEAACDEEDAAEDB"
"20190424","家林焱",93.75,"top","BCCDEEDEABADEEDAACDB"
"20190425","緣張宇",100,"top","BCCDEEDEABCDEEDAACDB"
"20190426","仲李許",50,"rear","BCCCEEEEDECDEEBEEEDB"
"20190427","賴喬欣",63.75,"mean","EACDBEDA*BCDEEDAAEDB"
"20190428","陽達謝",62.5,"mean","BBCCAECEABCDEEAABCDB"
"20190429","柏智錞",81.25,"front","BCCDBEDEABCAEEDAACAB"
"20190430","黃蔡泓",62.5,"mean","ACCDEEAEBBAAEEDAABDB"
"20190431","詹成杜",100,"top","BCCDEEDEABCDEEDAACDB"
"20190432","智曾瑜",31.25,"bottom","BDAADEDDADBBECDAACCC"
"20190433","肇永榮",68.75,"mean","BCBDEEDDADCDEEDAADBB"
"20190434","信家楊",81.25,"front","BCCDEEDECBEDEDDAACDB"
"20190435","仁富鼎",100,"top","BCCDEEDEABCDEEDAACDB"
"20190436","翰李昌",43.75,"rear","DCEDEECEBBABECBAADDB"
"20190437","成錩楚",70,"mean","BCBDEEDEE*CDEEDAECCB"
"20190438","平翔秦",87.5,"front","BCCDEEDEAACDEEDAACDE"
"20190439","林鼎子",37.5,"rear","BDCAEAEDDCCDEEBAAAEB"
"20190440","苡珊沂",87.5,"front","BEEDEEDEABCDEEDAACDB"
"20190441","家泓梓",81.25,"front","BEDDEEDEABCDEEDAACBB"
"20190442","樺諺昕",75,"mean","BCCAEEDEBBCBEEDAACCB"
"20190443","豐瑄儒",81.25,"front","BCCBEEDEABCDECCAACDB"
"20190444","蔣家夢",87.5,"front","BCCDEEDEAABDEEDAACDB"
"20190445","孫柏冠",62.5,"mean","BCCCEEDDABCBDDDAECDB"
"20190446","縉妤黃",65,"mean","BC**E*DEA***EE*AACDB"
"20190447","議禹豐",48.75,"rear","BC*D**D*A**D*EDAAE**"
"20190448","天彥翔",43.75,"rear","BCBDBDDECBDBEADAAABB"
"20190449","耀藍俊",62.5,"mean","CCCDEEDEBBCDAEBBDCDB"
"20190450","有昌家",62.5,"mean","ACCDEEDEBBCAEBDDACBB"
"20190451","曾哲儒",62.5,"mean","BCCDDEDEABDBCBCAACDB"
"20190452","奕李清",93.75,"top","BCCDEEDEABCDEEDAACAB"
"20190453","黃連仁",50,"rear","*DCDEEEEAB*B*BDAA**B"
"20190454","妤謝俊",43.75,"rear","CCDDEBCEEACEEEAAACEB"
"20190455","如儒澐",31.25,"bottom","ECCBEEBAEBCEEADEADAC"
"20190456","朱韋天",37.5,"rear","BCCAAEEABBCEBECCADDB"
"20190457","林蓉政",87.5,"front","BCCDEEDEAACDEEDAACDC"
"20190458","林林林",56.25,"rear","BCADBEBEAECDEEDABCBA"
"20190459","延振子",68.75,"mean","BCDCEBDEDBCDAEDAACDB"
"20190460","家宏益",56.25,"rear","BDCDEEDBABBADECAACDC"
"20190461","弘佶智",93.75,"top","BCBDEEDEABCDEEDAACDB"
"20190462","智承政",68.75,"mean","ACEDEEDEABECBEDAACDB"
"20190463","李緣揚",47.5,"rear","BCBDEEDDAAE**ED*ADCB"
"20190464","彥正邱",81.25,"front","BCCDEEAEABCBEEDAACCB"
"20190465","彬葉柏",75,"mean","DCBDEEDEDECDEEDAACDB"
"20190466","煌家琬",90,"front","BCCDEEDEABC*EE*AACDB"
"20190467","湛陳季",31.25,"bottom","ECCADBDEACCAEEBBEBAB"
"20190468","帆宏彬",87.5,"front","BCCDEEAEABCDAEDAACDB"
"20190469","耀復麒",56.25,"rear","BCCDBDEEABDBEEBADCDB"
"20190470","李薏邱",68.75,"mean","BCCDEEAEABDDCEDAABDE"
"20190471","豐重妤",37.5,"rear","BCDABEDDDCCDEEAADADC"
"20190472","宏麒宇",37.5,"rear","BDCDECAEBBEDECDADBEC"
"20190473","維林慶",87.5,"front","BACDEEDEABCDEECAACDB"
"20190474","宇政揚",25,"bottom","BCCCDACCAAEEEACAABDD"
"20190475","智柏友",63.75,"mean","*CEDEEDEABBDDEBAACAB"
"20190476","憬宇黃",50,"rear","ACCDEDCEACEABADAACDB"
"20190477","彥信宇",43.75,"rear","BCCEEABEABBDADBAECDC"
"20190478","哲曾許",75,"mean","ECCDEABEABCDEDDAACDB"
"20190479","湛王銘",43.75,"rear","BCCCEECAABADCEDABECE"
"20190480","政旻喬",21.25,"bottom","*CBDAA*E**C*C*CA*ECB"
"20190481","洪帆廷",100,"top","BCCDEEDEABCDEEDAACDB"
"20190482","天洪毓",60,"rear","BCCD*EAA*BCDA*DAACDE"
"20190483","如榮林",81.25,"front","BCCDEEEEEBCDEEDAACCB"
"20190484","柏林緣",31.25,"bottom","DCCDEAADAEEBEEAAEEDC"
"20190485","良陳林",37.5,"rear","BCADEADEACDDDBDCCAAB"
"20190486","汪柏黃",100,"top","BCCDEEDEABCDEEDAACDB"
"20190487","信信龔",31.25,"bottom","BDDDBEBECCBDAECDACDE"
"20190488","哲李葉",75,"mean","CCCDEEAEABCDEEDACCEB"
"20190489","鄭凱吳",37.5,"rear","EACDEEABADCDCADABAEB"
"20190490","陳沂泓",31.25,"bottom","BCCEEBABCABABCDAACDC"
"20190491","諺夫齊",75,"mean","BCCDEECEEBADEADAACDB"
"20190492","郭楊富",6.25,"bottom","DABCAEBBACBAEAEDACBC"
"20190493","鴻林文",31.25,"bottom","CABDEEBEABCDABBDAEAA"
"20190494","成哲蔡",68.75,"mean","CDCDEEDCABCDEBDABCDB"
"20190495","恩豪彬",61.25,"rear","BC*DE**DABEAEEDAACD*"
"20190496","家潔洪",100,"top","BCCDEEDEABCDEEDAACDB"
"20190497","鑫錞宇",50,"rear","BAACEEDEABDACEEDACDB"
"20190498","怡藍劉",100,"top","BCCDEEDEABCDEEDAACDB"
"20190499","邱洪施",37.5,"rear","BAEDEEBBDBEDEEBEBCDD"
"20190500","鴻黃龔",31.25,"bottom","BDCBECADECCDEEBDBEDB"
"20190501","邱齊彥",31.25,"bottom","CCDCEEDAEBEABEDAADAD"
"20190502","林陸冠",37.5,"rear","BCCBDEAEEACCCEDEABBB"
"20190503","峻如柏",87.5,"front","BCCDEEDEABCDECDDACDB"
"20190504","許政戴",68.75,"mean","ECADDEDEABCDEEDBABDB"
"20190505","連蔡和",28.75,"bottom","CC*EAEDA*AD*EEDBAEDE"
"20190506","宇林劉",0,"bottom","********************"
"20190507","吟良仲",100,"top","BCCDEEDEABCDEEDAACDB"
"20190508","宜愷平",40,"rear","BC*EEEDCBCEAEE*ABCDA"
"20190509","韋佶維",75,"mean","BCADEEDEAECDEEDDACDE"
"20190510","葉許林",31.25,"bottom","BBADBDDEABAAEDCADBDC"
"20190511","林厲泓",77.5,"mean","*CCDEEDEABCDAEDBACD*"
"20190512","宏昇豪",87.5,"front","BCADEEDEABCBEEDAACDB"
"20190513","高駱儒",37.5,"rear","EECCCEDEBCCCBECAACDD"
"20190514","國謝許",87.5,"front","BCCDEEDDABCDEEDAAADB"
"20190515","毓孫群",31.25,"bottom","ECABEDACCDCDCEDAACAC"
"20190516","益忠厲",56.25,"rear","BCCDDADBEBCDEDDAACEC"
"20190517","家黃楚",68.75,"mean","BBADCEDEAECDEEDABCDB"
"20190518","宏子洪",56.25,"rear","BDCDEDDAAECBEADAADDB"
"20190519","湛哲高",100,"top","BCCDEEDEABCDEEDAACDB"
"20190520","秉郁許",37.5,"rear","AECDABDEEDDDEEDABCCC"
"20190521","恩盈林",75,"mean","BCCDEEDACBCBEEDABCDB"
"20190522","羅李恩",87.5,"front","BECDEEDEABCDEEDACCDB"
"20190523","林偉儒",43.75,"rear","BABEEEDEEBDDBBDCACBB"
"20190524","偉厲許",85,"front","B*CDEEDEAB*DEEDAACD*"
"20190525","楚施鄭",87.5,"front","BDCDEEDEABCDEEDADCDB"
"20190526","元璇肯",81.25,"front","BCCCEEDEABCAEEDAACDE"
"20190527","黃儒怡",25,"bottom","CCCBDACDBEDDEECDDCDB"
"20190528","劉資平",68.75,"mean","BCCDADDEEBEDEEAAACDB"
"20190529","鴻劉明",87.5,"front","ECCDEEDEABCDEEDAACDA"
"20190530","高琬富",81.25,"front","BCCDEEDEABDAEEDBACDB"
"20190531","群蔡張",37.5,"rear","DCBDEEAEBCDBEECBACDC"
"20190532","君佳揚",75,"mean","DCBAEEDEABCDEEDBACDB"
"20190533","仁友豪",56.25,"rear","BCCBAEDCCBEDECDAACCB"
"20190534","邱陳昱",100,"top","BCCDEEDEABCDEEDAACDB"
"20190535","麒映夢",37.5,"rear","CCCBEEDEADEDDDDCBCAD"
"20190536","謙謙吳",68.75,"mean","BCBBEEDEAACDEEDADCCB"
"20190537","冠葉焱",47.5,"rear","BBCDAEDECECDEE*ED**B"
"20190538","涵育家",100,"top","BCCDEEDEABCDEEDAACDB"
"20190539","品智毅",100,"top","BCCDEEDEABCDEEDAACDB"
"20190540","陳蔣國",23.75,"bottom","CCCC*BDE**ADDBBAD*DA"
"20190541","秉泓洪",31.25,"bottom","DCCAEBEEADEBCEBADCDD"
"20190542","芷國簡",31.25,"bottom","BAEDBAAAEBCEEADEADDB"
"20190543","儒益黃",37.5,"rear","ACCCAEDDAECDCADAAAEE"
"20190544","泓耀洪",100,"top","BCCDEEDEABCDEEDAACDB"
"20190545","怡慶群",31.25,"bottom","CCBDCDAEABDDCEDABEBC"
"20190546","劉輝冠",37.5,"rear","BCCDEABEEECBAEAAABBD"
"20190547","涵凱曾",18.75,"bottom","BBCEBDDCCBEAEABCACBC"
"20190548","富峻柏",77.5,"mean","BCCDEE*EABDEEEDAAC*B"
"20190549","憬蔡復",37.5,"rear","ECCDACEEBEBDBEDAECDD"
"20190550","智宏彥",56.25,"rear","BCCBECBEABCDECCAACAD"
"20190551","榮林憬",83.75,"front","CCCDEEDEABCDEEDA**DB"
"20190552","李蔡琬",43.75,"rear","AECCBDDEABCDEBDBECBB"
"20190553","憶智林",75,"mean","BCCDEEDCABCDEABDACDB"
"20190554","皇陳丞",62.5,"mean","BCBDEEDEABCAEEDEEBEB"
"20190555","蔣家黃",37.5,"rear","DBCBEDECABADAECAACDE"
"20190556","勝竑楊",56.25,"rear","BCBBEEDEAACDEECDACEE"
"20190557","謝翰蔡",31.25,"bottom","AACDEACBCBCDBEAEABBB"
"20190558","吳智益",77.5,"mean","BCADEEDEABC*EEDAAD*B"
"20190559","建國潔",0,"bottom","********************"
"20190560","林琬偉",0,"bottom","********************"
"20190561","薏昌珊",37.5,"rear","BCCDDDECCBCDEACCAADD"
"20190562","潘林焱",62.5,"mean","DCCEEADDDBCCEEDAACDB"
"20190563","文書諭",37.5,"rear","DADEEDDBABCDDEDABBDC"
"20190564","吳雯林",87.5,"front","BCCDEEDCADCDEEDAACDB"
"20190565","平映錩",87.5,"front","BCCDEEDCABEDEEDAACDB"
"20190566","王哲毅",100,"top","BCCDEEDEABCDEEDAACDB"
"20190567","禹謝宣",50,"rear","BECBDDDEEBCDEBDBBCDB"
"20190568","儒陳洪",62.5,"mean","ACDEEEDEABDDAEDAAEDB"
"20190569","宣品清",41.25,"rear","BCB**EDE*B*D*EA*BC**"
"20190570","李魏昌",68.75,"mean","BACDEBBEEBCDEEDAACBB"
"20190571","天藍瑞",75,"mean","BCCDEEDEABCBEECCACEB"
"20190572","翔友洪",43.75,"rear","BCEDDDDEDBCCEEEDACEE"
"20190573","瑄李佳",93.75,"top","BCCDEEDEAACDEEDAACDB"
"20190574","趙佳慶",62.5,"mean","BCCDEEDECCBDAEDAACCC"
"20190575","智李藍",68.75,"mean","BCCCEEDDABCDDEDAAEAB"
"20190576","傑芷資",37.5,"rear","BECDEEBABECDEEEEDBDE"
"20190577","許薏劉",87.5,"front","ECCDEEDEABCDEEBAACDB"
"20190578","維志和",60,"rear","ADCD*EAEABCDEEDAAE**"
"20190579","書鈞黃",87.5,"front","BCCCCEDEABCDEEDAACDB"
"20190580","泓楊峻",68.75,"mean","BCCDEEDECEDDEEDCADDB"
"20190581","恩俊許",37.5,"rear","AACDEECBDBCDCEDBDDDA"
"20190582","駿徐洪",100,"top","BCCDEEDEABCDEEDAACDB"
"20190583","峻翰育",75,"mean","BCCDCEDEABCDDEDCACBB"
"20190584","憶奕錞",87.5,"front","BCCDEECEABCDEEBAACDB"
"20190585","宇宇如",62.5,"mean","DCCDAEEEEECDEEDCACDB"
"20190586","寧薏明",63.75,"mean","BDCDE*DAABBDEEDBACDA"
"20190587","諺平黃",62.5,"mean","BACDBEDEABCDBEDCDCDA"
"20190588","林健蘇",100,"top","BCCDEEDEABCDEEDAACDB"
"20190589","冠憶恆",100,"top","BCCDEEDEABCDEEDAACDB"
"20190590","映議瑜",41.25,"rear","BCCDE*DCA****A**ACE*"
"20190591","憬林家",75,"mean","BCECEEDEABCEEEDACCDB"
"20190592","龔丞林",87.5,"front","BCCDEEDEABBDEEDABCDB"
"20190593","陳趙成",43.75,"rear","ACCDEAAEABBBEEBCABCB"
"20190594","樺恆洪",37.5,"rear","BACDEBBEACCEEAEDADDE"
"20190595","楚良銘",81.25,"front","BCCCEEDEABCEEEDACCDB"
"20190596","嘉厲魏",75,"mean","BCCEAEDEABCDEEAAACAB"
"20190597","瑞群專",41.25,"rear","***D**DCAB*DCB**ACDB"
"20190598","錞儒凱",70,"mean","**CDEEDEABCDE**AA*D*"
"20190599","豪豪信",81.25,"front","BCADEEDEABCDDEDDACDB"
"20190600","李達秉",87.5,"front","BCCDEEDAABCCEEDAACDB"
"20190601","小鄭李",68.75,"mean","BBCDECDDABDDEEDAACBB"
"20190602","群成文",31.25,"bottom","CDEDDACEBBCDEEECABDC"
"20190603","沂林奕",81.25,"front","BCEDEEDEABCDBEDAACCB"
"20190604","黃楊群",56.25,"rear","DCCDECDAEBCDEDDEACDE"
"20190605","丞莊嘉",31.25,"bottom","BAACEEDBCBACAECAAECB"
"20190606","信澤瑄",50,"rear","ECEDEEDEBBCEACDAEEDB"
"20190607","家哲傑",56.25,"rear","ADCDAEDEABEDAEDDACEB"
"20190608","鴻翔陳",75,"mean","BCCDABAEABCEEEDAACDB"
"20190609","陳陳翰",100,"top","BCCDEEDEABCDEEDAACDB"
"20190610","輝文涵",50,"rear","BCCACEBCBBCDEBBAACDD"
"20190611","楊振宏",100,"top","BCCDEEDEABCDEEDAACDB"
"20190612","李柏邱",18.75,"bottom","BABDBDEEDBCDBCEDECAA"
"20190613","恩夢欣",68.75,"mean","BEBBEEDBAECDEEDAACDB"
"20190614","涵邱邵",62.5,"mean","BBCDBEEECBDDEEDBACDB"
"20190615","邱宣緣",56.25,"rear","ABBBEDDEABCDEEDAECEB"
"20190616","彬宇峻",62.5,"mean","ACBDEEDBABCDAEDAACAC"
"20190617","宇政鼎",37.5,"rear","CCCDBDCDCBCDECDADDDA"
"20190618","彬陳黃",100,"top","BCCDEEDEABCDEEDAACDB"
"20190619","陳邱揚",100,"top","BCCDEEDEABCDEEDAACDB"
"20190620","李毅陳",50,"rear","BCCDCBADCACDBEDAACDA"
"20190621","宇陳林",60,"rear","BCBDE*DEA*CD*ECCADDB"
"20190622","弘蔡復",62.5,"mean","BDCDCEEBEBCDEBDAACDB"
"20190623","林慶宇",75,"mean","BCCCBEDEABDDECDAACDB"
"20190624","翁錦復",87.5,"front","BCCEEEDEABCDDEDAACDB"
"20190625","品杜施",100,"top","BCCDEEDEABCDEEDAACDB"
"20190626","陳輔郭",81.25,"front","BCCDEBDBACCDEEDAACDB"
"20190627","肇詞彥",62.5,"mean","BCDDEEDCABEAEBDAACDC"
"20190628","賴毅涵",87.5,"front","BCCDEEDECBCDEEBAACDB"
"20190629","柏張富",50,"rear","BCCEDDEDAECDEEDCECDB"
"20190630","連宇潘",62.5,"mean","BCEBEEDEAECDEDDBACEB"
"20190631","陳群儒",62.5,"mean","BCCDBDDEAADDEEEADCDB"
"20190632","柏黃文",38.75,"rear","BC*E*EDEA**D*CDEAEA*"
"20190633","哲朱峻",43.75,"rear","BCCCEBEEABDAEEACDDDB"
"20190634","傑育宜",100,"top","BCCDEEDEABCDEEDAACDB"
"20190635","俊珊李",25,"bottom","BCBEAEDABDCCEECEBAEB"
"20190636","信皇哲",35,"bottom","B**D*C*E**CDEA*AC*DE"
"20190637","秉莊昱",37.5,"rear","BCCCDCBCABCEEADDECAB"
"20190638","林小正",75,"mean","ECCDCBDEABCDEEBAACDB"
"20190639","傑陳潘",68.75,"mean","BCCDECBEDBCDEDDAACDA"
"20190640","柏議蔡",75,"mean","BCCBEEDAACCDEEDDACDB"
"20190641","黃楊樺",12.5,"bottom","DCD*CE*C*ACDCDDD**AD"
"20190642","林藍夢",87.5,"front","BCCDEEDEABCDEEDABCEB"
"20190643","藍佳政",51.25,"rear","DCC**CDE*BCDEA***CDB"
"20190644","宇李耀",62.5,"mean","BCCDEEBEEECEEEBAACDD"
"20190645","林豪延",82.5,"front","BCCDEEDEAECEEEDAA*DB"
"20190646","愷肯潔",43.75,"rear","CBEBAEDEDBCDEEDBCCAB"
"20190647","小瑞豐",50,"rear","ECEDECCEADCDEEDEBBDB"
"20190648","哲夫廖",100,"top","BCCDEEDEABCDEEDAACDB"
"20190649","蔡洪慶",37.5,"rear","AEDDEAAECBCDEDDEAAAB"
"20190650","建莊宣",87.5,"front","BCCDEEAEABCDEEDAADDB"
"20190651","彥宏邱",56.25,"rear","BCCCAEDEABCDCBADAADB"
"20190652","復賴周",25,"bottom","BCCBCBAAEAECCADAAEDB"
"20190653","議駱雯",81.25,"front","BCCDEEDBAECDEEDCACDB"
"20190654","林杜鈞",43.75,"rear","ACECEBDEABCAEEDBCBCB"
"20190655","潔許魏",25,"bottom","BBCDEEECCAEEBDDCBEDB"
"20190656","許豪蔡",68.75,"mean","BCCDEEAEABCBEEADAEDB"
"20190657","肇吳黃",31.25,"bottom","ECCBDEEEAAEDDDABCCDB"
"20190658","簡肇麒",68.75,"mean","BCCDCECEABBDEEEDACDB"
"20190659","陳平李",62.5,"mean","ACCDEEDAACBDBEDAAADB"
"20190660","偉林陳",100,"top","BCCDEEDEABCDEEDAACDB"
"20190661","陳則王",50,"rear","BDADEEDEACDDBEDADADE"
"20190662","昕韋孟",68.75,"mean","BCCEEEDEADCDEDDABBDB"
"20190663","益陳錦",68.75,"mean","BCDDEEBDCBCDEEDAACDD"
"20190664","林夫品",68.75,"mean","ECCDEBDEAACDEEDCACDD"
"20190665","韋宇陳",43.75,"rear","BBCDEADBADDEEEDDBDDB"
"20190666","祥小政",93.75,"top","BCEDEEDEABCDEEDAACDB"
"20190667","韋哲章",68.75,"mean","BCCDEEDEABBEEADDAEDB"
"20190668","豐宗哲",0,"bottom","********************"
"20190669","輔家緣",100,"top","BCCDEEDEABCDEEDAACDB"
"20190670","鈞耀縉",100,"top","BCCDEEDEABCDEEDAACDB"
"20190671","許丞柏",37.5,"rear","DCDDABDEEACDEADEBCDD"
"20190672","陳曾恆",25,"bottom","CADDEACDEBADEEAAEBDC"
"20190673","謝蓉劉",25,"bottom","DCDDEACBBBCEDEBBDBDB"
"20190674","蔡蔡榮",37.5,"rear","BCBDBADBABCEAADDEBDB"
"20190675","涵蔣宏",100,"top","BCCDEEDEABCDEEDAACDB"
"20190676","吳林黃",43.75,"rear","BCDDBEDECBCBAEAAEDEB"
"20190677","璇振柏",25,"bottom","EBECDEDDDDCAEBDEBCDB"
"20190678","翰智凱",25,"bottom","BCACEEAACACBECDCEEEB"
"20190679","信杜徐",93.75,"top","BCCDECDEABCDEEDAACDB"
"20190680","鈞詞肯",56.25,"rear","BCCCECDECBCDCCDDDCDB"
"20190681","盈林詹",37.5,"rear","BCADAAAECDDDDEDACCCB"
"20190682","鼎林皇",75,"mean","CCCDEEDBABBDEEDAACAB"
"20190683","昱李盈",100,"top","BCCDEEDEABCDEEDAACDB"
"20190684","陳重則",81.25,"front","ACCDEEDEABCCEEDAACEB"
"20190685","雯則蔣",0,"bottom","AEEEEEABBCCCCDBEEADD"
"20190686","陳友帆",18.75,"bottom","BEBABBAECCADDCAAACDC"
"20190687","洪林洪",50,"rear","BBCCBEBEEBEDBEDAADDB"
"20190688","輔良樺",62.5,"mean","EECBEEDECBCDEEEAABDB"
"20190689","哲冠豪",81.25,"front","BCCBEEDEADCDEEAAACDB"
"20190690","沂盈儒",87.5,"front","BCCDEEBEACCDEEDAACDB"
"20190691","友偉慶",56.25,"rear","ECADCDDEADBDEEDABCDB"
"20190692","弘李奕",43.75,"rear","BCCBEEBEABACCCCAACCA"
"20190693","峻高廷",27.5,"bottom","EBDDBEC*ABEDC*DABCAA"
"20190694","林邱儒",50,"rear","BDEDEEAAADCAEEDBABDB"
"20190695","輝恩如",43.75,"rear","BECCEEDEADACDCDDAEDB"
"20190696","宏盈成",25,"bottom","BBABEADEDBCBDADEAECD"
"20190697","郭邵彥",0,"bottom","********************"
"20190698","育融黃",25,"bottom","AECBBADDBCCDAADABCBB"
"20190699","林李陳",68.75,"mean","BCCD*E*EABC*EA*AA*DB"
"20190700","鴻弘黃",75,"mean","BCCDCEDEBBADEEDAACDE"
"20190701","哲曾蔣",75,"mean","BCCDBEDDBBEDEEDAACDB"
"20190702","託潔冠",37.5,"rear","BDEDEBDEABBAEBDCECBA"
"20190703","陳緣竑",81.25,"front","BCBDEEDEDBCDEEDAACEB"
"20190704","儒則李",80,"mean","*CCDEE*EABCD*EDAACD*"
"20190705","澐蔡小",80,"mean","BCCDEEDE**CDE*DA*CDB"
"20190706","諺施瑞",87.5,"front","BECDEEDEABCDDEDAACDB"
"20190707","振詹慈",31.25,"bottom","CABCCEDEECCDEEDACABA"
"20190708","郭宣詹",81.25,"front","BCCDEEEEADCDEEDAACDD"
"20190709","銘耀澐",56.25,"rear","BCCDCEDEABADEAAABDEB"
"20190710","杜哲林",62.5,"mean","BCAADEDEABCDBECAACAB"
"20190711","廷韻林",43.75,"rear","BCCEEBCEADCDDCDACBDE"
"20190712","洪吳夢",31.25,"bottom","ACCDEEDDEDAAEDDACDCA"
"20190713","仲林洪",37.5,"rear","BCDDCEEBDBBDEEBBEEDB"
"20190714","文鴻清",75,"mean","BCCDEBDEAACDEEDCACBB"
"20190715","林重澐",43.75,"rear","BDCBEEDEBBBECEAEACDA"
"20190716","智孟薏",43.75,"rear","CCBAEEDEBBECEEDBAADA"
"20190717","毅智瑄",81.25,"front","BBCDEADEABCDEECAACDB"
"20190718","煌彥駱",87.5,"front","BCBDEEDEABCDEDDAACDB"
"20190719","永延智",42.5,"rear","B*CCBADABB*DE*DACC*B"
"20190720","泓儒蔡",45,"rear","BC*A*EDE*BD*E*BA*CDA"
"20190721","夫駱偉",93.75,"top","BCCDECDEABCDEEDAACDB"
"20190722","鴻楊黃",21.25,"bottom","CCCBEEDDBBC*BDB*EAEA"
"20190723","陳文昇",87.5,"front","BCCDEEDEABDDEEDAACAB"
"20190724","建涵李",50,"rear","BCCBEEBEAECDAADEBCDA"
"20190725","黃儒資",75,"mean","BCCDEEDEDECBEEDBACDB"
"20190726","柏邱潔",87.5,"front","BCCDEEDEABCDEAEAACDB"
"20190727","沂柏翁",68.75,"mean","BCCDEDEEABCBEEDACCAB"
"20190728","邱葉信",68.75,"mean","BCBDEEEAABCDECDDACDB"
"20190729","李林恩",70,"mean","BBCDE*DEABCDEECBACAB"
"20190730","黃哲智",43.75,"rear","ACCCEEDEDADDEACEABDB"
"20190731","林奕帆",81.25,"front","BBCDBEDEABCDEEDAACDD"
"20190732","涵徐帆",43.75,"rear","BBDBEEDEDBDDEECDBCDA"
"20190733","皇鄭奕",31.25,"bottom","BCDDAADEADCDDBADAEAC"
"20190734","瑞許和",37.5,"rear","BCDDEBBEEBCDAEABADCD"
"20190735","林皇莊",27.5,"bottom","*CCAC*DEE**DBE*CA*C*"
"20190736","吳柏傑",75,"mean","BCCDEEEEABCDEEDEACBD"
"20190737","徐盈湛",100,"top","BCCDEEDEABCDEEDAACDB"
"20190738","郭泓資",18.75,"bottom","AACEBEEEBCBDBEDBBDDC"
"20190739","復黃皇",50,"rear","DCCEEEADEBCDEBDADCDA"
"20190740","陳友鈞",100,"top","BCCDEEDEABCDEEDAACDB"
"20190741","林益涵",68.75,"mean","ACCDEEBEBBCDEEDADCDC"
"20190742","詞成子",50,"rear","BCCDABDEAAEDEECBCCCB"
"20190743","諺弘翔",62.5,"mean","BCBDEEDBCCCDBEDAACDC"
"20190744","洪天和",81.25,"front","BCCDAEDEABCEEEDAADDB"
"20190745","郭翁宇",75,"mean","BDCDEEDEEBABEEDAACDB"
"20190746","王汪鴻",25,"bottom","BACBDECCADEDDADDAAAB"
"20190747","李張李",53.75,"rear","BBB*EEDAEACDEED*A*DB"
"20190748","蔡良奕",81.25,"front","BCCDCEDEADCDEEDEACDB"
"20190749","帆奕郁",93.75,"top","BCCDEBDEABCDEEDAACDB"
"20190750","智夫泰",68.75,"mean","ECCDEEDEABCDBEBAAAAB"
"20190751","凱專政",31.25,"bottom","CECCEEDADBCEECBEDDDB"
"20190752","峻益怡",75,"mean","ECCDEEDEADCDEEDAACAC"
"20190753","群邱廷",46.25,"rear","BCD**B*EABCD**DA*CE*"
"20190754","議李黃",37.5,"rear","ADCDEEABCBEDCCDAABCB"
"20190755","錞清家",68.75,"mean","BCCDEADEABAEEDDAACEB"
"20190756","楊錩鄭",100,"top","BCCDEEDEABCDEEDAACDB"
"20190757","蔣鼎柏",27.5,"bottom","BBCDCAAEDB*DEBADA*EE"
"20190758","明沂蘇",50,"rear","BCBBEDDEDEEDEAEAACDB"
"20190759","昱鴻祥",75,"mean","BCCDEEDBABCEEEBBACDB"
"20190760","涵涵平",0,"bottom","********************"
"20190761","恩孟黃",45,"rear","*BC**BDDAB*DECDAA*D*"
"20190762","鈞曾詞",87.5,"front","BCCDEEDAABCDEEDDACDB"
"20190763","復泓奕",50,"rear","DCCBBEAECBADABDAACDB"
"20190764","芷峻冠",100,"top","BCCDEEDEABCDEEDAACDB"
"20190765","儒蔡達",47.5,"rear","DCCDEEAE*B***E*AA***"
"20190766","諺林廷",63.75,"mean","CC**E*DEABCD**DAAC*B"
"20190767","欣柏章",87.5,"front","BCCDEEDEAACDEEDACCDB"
"20190768","苡勝延",56.25,"rear","BBCDEEDABBBDDEDEACBB"
"20190769","彬旻慶",62.5,"mean","CCCDEEDEEBAAAEDEACDB"
"20190770","翰智柏",68.75,"mean","BCCDEEDDABDCEEDABCBB"
"20190771","蘇偉錦",75,"mean","BCCBDEDEABADEDDAACDB"
"20190772","信彥葉",81.25,"front","BCCDEEDCABCDEEDADEDB"
"20190773","智宣恩",100,"top","BCCDEEDEABCDEEDAACDB"
"20190774","諺傑群",81.25,"front","BCCDECDEBBCDEEDAAADB"
"20190775","重智泰",56.25,"rear","B*C*EEDEA*C*EE*DBCAB"
"20190776","舒宗信",87.5,"front","BCCBEEDEABCDEEDDACDB"
"20190777","彬喬洪",100,"top","BCCDEEDEABCDEEDAACDB"
"20190778","妤蔡陳",93.75,"top","BCDDEEDEABCDEEDAACDB"
"20190779","澐偉李",25,"bottom","ECEDBDAEABCCDDDAEDBE"
"20190780","奕沂翰",0,"bottom","********************"
"20190781","鑫徐廷",81.25,"front","ECCDEEDEABCDEEBADCDB"
"20190782","廖帆陳",31.25,"bottom","BCABEBDAACCCAADABCBC"
"20190783","蔣盈邱",62.5,"mean","AECDECDDABEDEEDAACEB"
"20190784","成陳愷",87.5,"front","BCCDEECAABCDEEDAACDB"
"20190785","哲林專",25,"bottom","CCBCAEDEDACDAAAEBCAB"
"20190786","蔡陳涵",81.25,"front","BCCDCEBEABCDEEDAADDB"
"20190787","怡宇益",0,"bottom","********************"
"20190788","瑜麒如",0,"bottom","********************"
"20190789","吟洪許",62.5,"mean","BCCDEECEEBCCEEDDABAB"
"20190790","信謙偉",31.25,"bottom","ECCDBAEDABBDEECECCAE"
"20190791","肇柏俊",81.25,"front","BCCDEDDEABDDEEDCACDB"
"20190792","郁專樺",87.5,"front","BCCDEEDEABCDDADAACDB"
"20190793","諭芷慈",100,"top","BCCDEEDEABCDEEDAACDB"
"20190794","琬煌峻",87.5,"front","BCCBEEDEACCDEEDAACDB"
"20190795","李書潘",75,"mean","BCEDEEDEABCDEEDAABEE"
"20190796","澤凱許",81.25,"front","BCCEEEDEABCABEDAACDB"
"20190797","竑建憬",75,"mean","BCCDCEDEABCDEEDAEDBB"
"20190798","宜蔡黃",76.25,"mean","CCCDEEDEABC*AEDABCDB"
"20190799","昇丞湛",68.75,"mean","BCCDECAECBCDEEDBAEDB"
"20190800","涵黃邱",87.5,"front","BCCDEADEABCBEEDAACDB"
"20190801","鴻洪泓",0,"bottom","********************"
"20190802","憬吟仁",81.25,"front","BBCBEEDEABCDEEDAACBB"
"20190803","薏韋鄭",81.25,"front","BCCAEEDEABBDEECAACDB"
"20190804","陳林煌",81.25,"front","BCCDEEDEABCDCBDAADDB"
"20190805","龔韻儒",87.5,"front","BCDDEEDEDBCDEEDAACDB"
"20190806","季高李",53.75,"rear","BCCDEED*A*C*ECCACAEB"
"20190807","智珊李",93.75,"top","BCBDEEDEABCDEEDAACDB"
"20190808","黃吳李",100,"top","BCCDEEDEABCDEEDAACDB"
"20190809","盈徐徐",81.25,"front","CCCDEDDEABCEEEDAACDB"
"20190810","天沂儀",46.25,"rear","BCCEAB*EABADC*DACADB"
"20190811","昌厲信",75,"mean","BCCDBEDAABCDEEDCACCB"
"20190812","黃文黃",75,"mean","BBCDEEDEABCDAEDACADB"
"20190813","吳魏峻",62.5,"mean","BCADEEDEDBCEEEAACDDB"
"20190814","黃延黃",43.75,"rear","ACCCECADABBEECAAACDB"
"20190815","專文藍",33.75,"bottom","DCDDEEBECBB**DDABBDC"
"20190816","凱杜宏",62.5,"mean","BDCDEEDEABCECEEAAEDE"
"20190817","群芷小",37.5,"rear","BBADAECCBBDDEEBAEDDB"
"20190818","勝謝憶",75,"mean","BCC*EED*A**DEEDAACD*"
"20190819","陳黃宏",13.75,"bottom","B*DB*BDEDBAA***EDED*"
"20190820","泓益宇",68.75,"mean","ADCBEEDEABBAEEDAACDB"
"20190821","焱翔信",43.75,"rear","BDCDECDBAADEEEABADDB"
"20190822","葉小陳",50,"rear","BCADCEDEDDADECDACCEB"
"20190823","如李杜",56.25,"rear","ECCBEBDEEBBAEEDAABDB"
"20190824","佳王毅",81.25,"front","BCCDEEDEBBCDDADAACDB"
"20190825","郭陳李",62.5,"mean","ACADECDECBBDEEDAACBB"
"20190826","有吳梓",75,"mean","BCCDEEDECBADECDAECDB"
"20190827","陳錦哲",0,"bottom","********************"
"20190828","瑞陳弘",100,"top","BCCDEEDEABCDEEDAACDB"
"20190829","品瑞邱",0,"bottom","********************"
"20190830","許偉宇",37.5,"rear","BCAECADAEECDAEAAACDD"
"20190831","陳慶季",31.25,"bottom","EDADEEDAAADCBEEEACDE"
"20190832","健許廖",25,"bottom","CBBEEBDCACCDDEDDAAAE"
"20190833","偉洪齊",43.75,"rear","ECCDEDECCCBDEBDAAEDB"
"20190834","揚帆許",31.25,"bottom","BADDCDCECACBCEBAAEDB"
"20190835","凱李李",25,"bottom","CCADDEECEDBDDEDEAAAB"
"20190836","宗厲縉",87.5,"front","BCBDEEDEABCDEEDACCDB"
"20190837","夢錦孟",100,"top","BCCDEEDEABCDEEDAACDB"
"20190838","李宣煌",68.75,"mean","BCBDECEEABCDCEDDACDB"
"20190839","育榮智",56.25,"rear","BCCABEBEADCAECDAADDB"
"20190840","宇皇嘉",93.75,"top","BCCDEBDEABCDEEDAACDB"
"20190841","祥詹莊",18.75,"bottom","ACCDCADACDAABDDBADDA"
"20190842","陳旻柏",62.5,"mean","BBCDEEDEABADEADAADAC"
"20190843","林洪彥",23.75,"bottom","*BCCE*CACDCDE*ECCCD*"
"20190844","秦健友",31.25,"bottom","BBECEEDBBECEBEDAEEEB"
"20190845","黃林蔡",87.5,"front","BCCDDEDEABCDEEEAACDB"
"20190846","林健宇",81.25,"front","BCCDEEDEAECDEEDAADBB"
"20190847","涵家肇",48.75,"rear","B*****DEABC***D*DCDB"
"20190848","信劉鑫",50,"rear","EDCAEEDBACCEEEDACBDB"
"20190849","傑泓林",62.5,"mean","BDCDEDAEBBEDEEDABCDB"
"20190850","毅李偉",87.5,"front","BCCDEEDEABCAEEDDACDB"
"20190851","毓廷國",81.25,"front","ECADEEDEABCDEBDAACDB"
"20190852","冠奕陳",37.5,"rear","CACDEEDEBAEBBCEAACDC"
"20190853","慶儒翔",75,"mean","BCCDEEDEBBCBEEDDAEDB"
"20190854","鵬平藍",71.25,"mean","ACCCEEDAABCDE*D*ACDB"
"20190855","薏林豪",81.25,"front","BCCDAEDEABCDAEDEACDB"
"20190856","友孟宣",57.5,"rear","BCED**DE**BD*EDAAC*B"
"20190857","輝林怡",87.5,"front","BCCDEEDEABCCEEDAAEDB"
"20190858","毅夢鼎",100,"top","BCCDEEDEABCDEEDAACDB"
"20190859","傑儒柏",33.75,"bottom","ECDEEE**BBBAEEDCABBB"
"20190860","峻峻毅",87.5,"front","BCCAEEDEABCDECDAACDB"
"20190861","昕林豪",100,"top","BCCDEEDEABCDEEDAACDB"
"20190862","宣錞家",87.5,"front","ECCDEEDEABCDEEDAAADB"
"20190863","傑怡達",43.75,"rear","BDCDBEDCABCAEADABDBD"
"20190864","則林益",43.75,"rear","ECCDDABCABCDBEEEADDB"
"20190865","李涵泰",56.25,"rear","BCCEEEDADBCECEDAECDE"
"20190866","榮家宏",43.75,"rear","BDABEEDEACCDEEEDDCED"
"20190867","盈陳蔡",43.75,"rear","BECEADADABCCEEDAEADB"
"20190868","峻清儒",93.75,"top","BCCDEEDEABCDEEDAACDC"
"20190869","徐翔國",0,"bottom","********************"
"20190870","吟朱妤",100,"top","BCCDEEDEABCDEEDAACDB"
"20190871","宜輝張",100,"top","BCCDEEDEABCDEEDAACDB"
"20190872","奕益家",100,"top","BCCDEEDEABCDEEDAACDB"
"20190873","嘉羅林",56.25,"rear","BBDDCEDDBBCDEEDAACAE"
"20190874","林揚湛",37.5,"rear","BBCBEEDEABDEAACDCDDB"
"20190875","戴陳富",66.25,"mean","**CDEEDEABCD*CAAACDA"
"20190876","弘梓林",37.5,"rear","BDCEDEADAECDEECDAEAB"
"20190877","清家楊",68.75,"mean","BCCDEDEEAECCEEDDACDB"
"20190878","勝諭研",77.5,"mean","*CADEEBE*BCDEEDAACDB"
"20190879","洪李毓",93.75,"top","BCCDEADEABCDEEDAACDB"
"20190880","蔣宏蔡",25,"bottom","BADDADCEDCCDBABBACDA"
"20190881","李研研",93.75,"top","BCCDEEDEABCDBEDAACDB"
"20190882","承群蔡",0,"bottom","********************"
"20190883","蓉鑫李",31.25,"bottom","CBBDEDDEABDEBBDEACAA"
"20190884","家和仁",93.75,"top","BCCDEEDEABCDEEDADCDB"
"20190885","慈夫妤",62.5,"mean","BCACEEDCABCDDEDAADCB"
"20190886","洪藍林",100,"top","BCCDEEDEABCDEEDAACDB"
"20190887","嘉宇劉",81.25,"front","BCCDEEDEEBCDEEDAAABB"
"20190888","洪翰達",0,"bottom","********************"
"20190889","豪友恩",0,"bottom","********************"
"20190890","文研彥",75,"mean","BCCDBEDEABDDEECAECDB"
"20190891","帆吳盈",81.25,"front","BDCDEEDCABCDEBDAACDB"
"20190892","佩雯子",93.75,"top","BCCDEEDEABCDEDDAACDB"
"20190893","蔡政信",87.5,"front","ECCDEEDCABCDEEDAACDB"
"20190894","黃涵陳",75,"mean","BCCDCEDEABBDEDCAACDB"
"20190895","欣宏厲",75,"mean","BCCDAEDDABCDEEAAAADB"
"20190896","冠勝簡",68.75,"mean","CDCDEEDDABCCEEAAACDB"
"20190897","輔李陳",37.5,"rear","CACDBEDBAAEDEADBDCDD"
"20190898","郁豪洪",31.25,"bottom","EDCDDBCCABCDECBAADBC"
"20190899","豪延哲",75,"mean","BCCDEEDEABCEBEDACCDC"
"20190900","邱蘇周",62.5,"mean","BCCDEEDEACCCEEAADCBE"
"20190901","佳梓群",68.75,"mean","BCDDDEDECBCDEEEADCDB"
"20190902","潘秦維",62.5,"mean","BCCDECACADCCEEDAAEDB"
"20190903","議鼎洪",31.25,"bottom","BCEABBDDADEDEEDECAAB"
"20190904","蘇邵吳",25,"bottom","ACEDCCDDABAADECDAAEB"
"20190905","富許龔",62.5,"mean","BBCAEEDEABCDECDBAAEB"
"20190906","專儒冠",37.5,"rear","ECCEAADBABCAEECDBDDB"
"20190907","林益偉",62.5,"mean","BEEDEECEACCDEEBACCDB"
"20190908","徐翔奕",68.75,"mean","BDCDCDDEABCDEADADCDB"
"20190909","育郭盈",100,"top","BCCDEEDEABCDEEDAACDB"
"20190910","彥許欣",37.5,"rear","BBBDEEBCABDAEDEACCBB"
"20190911","丞智林",100,"top","BCCDEEDEABCDEEDAACDB"
"20190912","喬林涵",87.5,"front","BCCDEEDEEBCDEDDAACDB"
"20190913","哲梓肯",25,"bottom","DDCDBADDEDDDEEEAEACB"
"20190914","仁陳恩",75,"mean","CCCDDEDEABCDEEDACCDA"
"20190915","郭洪林",25,"bottom","DDBDBECBEEBDEEAEBCDB"
"20190916","林黃潘",0,"bottom","********************"
"20190917","則珊陳",43.75,"rear","BCDEBADCABCCEEDADCCA"
"20190918","李彬映",100,"top","BCCDEEDEABCDEEDAACDB"
"20190919","則林彬",100,"top","BCCDEEDEABCDEEDAACDB"
"20190920","葉廷傑",0,"bottom","********************"
"20190921","雯陳肯",25,"bottom","EDCBBDCBEDBDDEDAACDA"
"20190922","楊連林",81.25,"front","BEADEEBEABCDEEDAACDB"
"20190923","昌儒錦",81.25,"front","BCCDEEDADBCDBEDAACDB"
"20190924","緣徐蓉",66.25,"mean","BCCAE*DEB*CDEADA*CDB"
"20190925","品琬信",100,"top","BCCDEEDEABCDEEDAACDB"
"20190926","林和奕",93.75,"top","BCCDEEDEBBCDEEDAACDB"
"20190927","揚欣昌",87.5,"front","BCCDEEDDABCDEEDABCDB"
"20190928","珊李陳",31.25,"bottom","BECDEBBAABEDCCEACAAB"
"20190929","林瑞復",50,"rear","BBDDEEDDACCDECDACBDD"
"20190930","徐宜國",25,"bottom","CAADBEDDABACCDDCDCBB"
"20190931","孫泓洪",100,"top","BCCDEEDEABCDEEDAACDB"
"20190932","豪安蔣",100,"top","BCCDEEDEABCDEEDAACDB"
"20190933","佩書佳",81.25,"front","BCCAECDEABCDCEDAACDB"
"20190934","詞怡劉",43.75,"rear","DCCCEEDEDCCAAEDAECBE"
"20190935","林林小",31.25,"bottom","EDCBEAAECBDDECDECCDE"
"20190936","林楊錞",31.25,"bottom","ACBDEDEECACCDADDAEDB"
"20190937","竑仁昇",0,"bottom","********************"
"20190938","李黃育",18.75,"bottom","BCBAEEDCCADAAEBEDDBB"
"20190939","友陳翔",100,"top","BCCDEEDEABCDEEDAACDB"
"20190940","冠宇智",25,"bottom","BECAEADDCCCBCADDADDD"
"20190941","施蔡邵",93.75,"top","BCCDCEDEABCDEEDAACDB"
"20190942","陳郁謙",81.25,"front","ECCDEEDEAABDEEDAACDB"
"20190943","明欣翔",56.25,"rear","CCBDADEECDCDEEDAACDB"
"20190944","陳資君",40,"rear","**CDE*D*ABBAEE**CED*"
"20190945","則良慈",31.25,"bottom","EEEAEBBEBDCBEBDACCDB"
"20190946","融蔡帆",43.75,"rear","CDCDDEDECBCCEDCAACEA"
"20190947","政趙李",37.5,"rear","DCCDECBCCECAEEBBACDD"
"20190948","蔣嘉良",37.5,"rear","BADAEDACBBCDEEDBBCDA"
"20190949","豐翔柏",93.75,"top","BCCDEEDEABCDEEDAACBB"
"20190950","黃李陳",68.75,"mean","BCCEECDBABEDEEDAACDA"
"20190951","廷翰林",87.5,"front","BCCDCEDEABCBEEDAACDB"
"20190952","泓璇仲",81.25,"front","BCEDECDECBCDEEDAACDB"
"20190953","柏劉緣",56.25,"rear","BAAEEEDEABBDEEDAEBCB"
"20190954","黃琬劉",18.75,"bottom","EEBDCABCCBCDEBDBDBAB"
"20190955","魏湛偉",75,"mean","BCCCBEDBABCDAEDAACDB"
"20190956","盈楚芷",37.5,"rear","BDDDAEDEECCACDCAECDB"
"20190957","陳重彬",75,"mean","BCCBEEEEBBCCEEDAACDB"
"20190958","林恩儒",37.5,"rear","BAEDEDDDABBDBEDEDDDA"
"20190959","育林邱",50,"rear","BCCCEADBBBCAEEDACEDE"
"20190960","郁天邱",75,"mean","BCCDEEDDABCDCBDAECDB"
"20190961","韻昕樺",62.5,"mean","B**EE**EABCDEBD*ACDB"
"20190962","冠蓉蔣",37.5,"rear","BCCBBEDDEBDDAECEDADB"
"20190963","蘇柏周",43.75,"rear","CCCDCADEABCADEDABBCE"
"20190964","李育蔡",43.75,"rear","BCAEBEDDACDDBACAACDB"
"20190965","韻蔡有",81.25,"front","BDCDEEDEABCDEEDBABDB"
"20190966","宗王冠",50,"rear","BCCBEEDBAEEDEEBADBDE"
"20190967","鼎政陳",25,"bottom","CADDEABEACBECDDADCDA"
"20190968","莊昕許",93.75,"top","BCCDEEDEABBDEEDAACDB"
"20190969","駱錦峻",25,"bottom","DABDDEDEDDDDECACACEE"
"20190970","齊翔徐",81.25,"front","BCADEEDAEBCDEEDAACDB"
"20190971","仁廷平",62.5,"mean","BCCDEDDBABEDDDDACCDB"
"20190972","佳郭議",81.25,"front","BCCDEADEABCDEEDDDCDB"
"20190973","厲夫妤",56.25,"rear","BCCDEDDEABDBEDCACDDB"
"20190974","韻益季",43.75,"rear","ACBDCEDEAECADDDCAEDB"
"20190975","吟信黃",75,"mean","BCCDEECCABCDEBDAACAB"
"20190976","羅豪帆",100,"top","BCCDEEDEABCDEEDAACDB"
"20190977","宇林夢",100,"top","BCCDEEDEABCDEEDAACDB"
"20190978","憶冠劉",50,"rear","ACADBDDEADCEBEDADCDB"
"20190979","鄭縉文",66.25,"mean","BACDCEAEABCDE*DAA*D*"
"20190980","陳李昌",18.75,"bottom","ACDCEDDBABBAACCACEBB"
"20190981","家建澤",0,"bottom","********************"
"20190982","葉奕徐",47.5,"rear","BCC***DEAB*EE*DD***B"
"20190983","凱焱黃",31.25,"bottom","BCCCEBEECBBEECABBCDC"
"20190984","廷仲盈",50,"rear","BCCDCEBAADBCEEDAAAEB"
"20190985","李連陽",25,"bottom","DDAEDEDAABBEADDAAEEB"
"20190986","延元楊",100,"top","BCCDEEDEABCDEEDAACDB"
"20190987","重黃宜",68.75,"mean","BCCACEDBABCDCEDAAEDB"
"20190988","信文許",100,"top","BCCDEEDEABCDEEDAACDB"
"20190989","李吳麒",81.25,"front","ECCDEEDEACCEEEDAACDB"
"20190990","沂黃家",87.5,"front","BCCDECDEABCDEEDAACDE"
"20190991","劉曾韻",0,"bottom","********************"
"20190992","鴻蔡佳",93.75,"top","BCCDEEDEABCDEEDAACEB"
"20190993","秉林許",50,"rear","*CCEEC*EAEC*E*DABC*B"
"20190994","蔡許振",46.25,"rear","BC*BEEEEADAEDE*AADDB"
"20190995","諺成黃",75,"mean","BCCDEEDEDBEDAEDCACDB"
"20190996","劉林蔡",87.5,"front","BCCDEEDEADCDEEDAECDB"
"20190997","群寧許",93.75,"top","BCCDEEDEABADEEDAACDB"
"20190998","廷元信",0,"bottom","********************"
"20190999","翁研錦",43.75,"rear","BCBEEEDEAAAEEEEBADDA"
"20191000","鴻駱莊",75,"mean","BCCAEECEABADEEDAACDE"
"20191001","傑吳林",100,"top","BCCDEEDEABCDEEDAACDB"
"20191002","泓黃凱",0,"bottom","********************"
"20191003","琬哲李",87.5,"front","BCCAEEDEABCDEEDDACDB"
"20191004","儒蓉儒",68.75,"mean","BCCDEABEECCCEEDAACDB"
"20191005","友蓉夢",87.5,"front","ECCDEEDEABCDEEDAACDE"
"20191006","銘蔡張",37.5,"rear","BDEDAEBADBCDBCDCACDC"
"20191007","謝駱丞",75,"mean","BCCDEEAECACDEEEAACDB"
"20191008","宇蓉儀",75,"mean","DCCDEEDEACCDAEDCACDB"
"20191009","子偉專",25,"bottom","DCCCCADEDBECEEACADBA"
"20191010","偉儒蔡",43.75,"rear","BCCDEAEBABCAEDBACBDE"
"20191011","陳豐楊",62.5,"mean","EACDEDBDABCDEEDBACDB"
"20191012","智文復",87.5,"front","BCCDEEDEAAADEEDAACDB"
"20191013","洪泓澐",100,"top","BCCDEEDEABCDEEDAACDB"
"20191014","嘉宇鈞",25,"bottom","CEBBEADABBCEECCAABDD"
"20191015","郁昱麒",81.25,"front","BCCDEBDEEBCDBEDAACDB"
"20191016","成宜弘",37.5,"rear","BCDDEDDEDDCDADCBABDA"
"20191017","儒陳豪",93.75,"top","BCCCEEDEABCDEEDAACDB"
"20191018","蘇冠蔡",43.75,"rear","BDBDCEACABCDADDAACEC"
"20191019","延李施",81.25,"front","BCCDDEBEABCDEEDAACAB"
"20191020","託鄭小",75,"mean","BCCBEEDEABADECDDACDB"
"20191021","林冠傑",56.25,"rear","BCCDCEBBABDDAEDCADDB"
"20191022","文廷鴻",68.75,"mean","BBCDBADEABEDEEDBACDB"
"20191023","謝家仁",0,"bottom","********************"
"20191024","曾許恆",56.25,"rear","BCCAEECDAECDEDDEDCDB"
"20191025","李永高",56.25,"rear","EEDDEEDCABCBEEDAADBB"
"20191026","佳蔣陳",93.75,"top","BCCDEEDEABCEEEDAACDB"
"20191027","仁苡達",31.25,"bottom","DCCDBBCEAAEDACEAADCB"
"20191028","蔡研宸",62.5,"mean","BCCBCBDBABCDDEEAACDB"
"20191029","章柏戴",100,"top","BCCDEEDEABCDEEDAACDB"
"20191030","小成志",25,"bottom","CECDEACEBBDDEDEDBCCD"
"20191031","君廷帆",68.75,"mean","BCBBDDDEABCEEEDAACDB"
"20191032","黃鼎蔡",37.5,"rear","BAEDEADEAECAEAEACADD"
"20191033","輝仁恆",81.25,"front","BCCDEECEABCCEEDAACDA"
"20191034","則詞陳",31.25,"bottom","BBABDAEECECAEEDADCBB"
"20191035","昕復林",93.75,"top","BCADEEDEABCDEEDAACDB"
"20191036","哲黃韻",52.5,"rear","A*CEEED*AB*DEE**A*D*"
"20191037","昌彥郁",87.5,"front","BCCDEEDEABCCEEDEACDB"
"20191038","舜蓉洪",25,"bottom","BCCDDBDDBEDDEEAEEDBA"
"20191039","陳哲陳",25,"bottom","BDEABAAEACCDBEDEEEBB"
"20191040","黃豪沂",31.25,"bottom","CBBDAEDDCBCEEBABAADB"
"20191041","偉彥楊",75,"mean","ACCDEEDEADCDEEDAECDD"
"20191042","喬慈延",37.5,"rear","EAEDEEDEBCCDCBBBACDD"
"20191043","禹盈李",55,"rear","ACC*E*DC**CDAEDADCDB"
"20191044","冠群李",43.75,"rear","BCCDBECCCACDCBEADCDB"
"20191045","許錞哲",75,"mean","BDCECEAEABCDEEDAACDB"
"20191046","奕君林",68.75,"mean","BCADAEDEABCEEEDBACCB"
"20191047","林榮冠",31.25,"bottom","BCCEDAEDABCDACBCABCB"
"20191048","峻黃品",100,"top","BCCDEEDEABCDEEDAACDB"
"20191049","雯豐彬",37.5,"rear","ACBDBCBEDBCEBEDACCCB"
"20191050","群平林",31.25,"bottom","AEDDACDEADECEEEEAEDB"
"20191051","吳怡劉",68.75,"mean","DCCDEEDBADCDEEDDACBB"
"20191052","志林陳",62.5,"mean","CCCDEEDAABCCEADAACBE"
"20191053","凱沂汪",68.75,"mean","BCCDAEDECDCDEEDBACEB"
"20191054","益儒周",87.5,"front","BCCBEEDEABCDEEDAECDB"
"20191055","傑蔣志",31.25,"bottom","EBDDEEDEADEACECDAEDC"
"20191056","清黃煌",62.5,"mean","BCCDEEDBABADBEDBDCDE"
"20191057","黃儒洪",87.5,"front","BCCDEEDEAACDEEDACCDB"
"20191058","豪洪平",0,"bottom","********************"
"20191059","宗鼎林",50,"rear","BECBEDBCABBCEEDEACDB"
"20191060","李哲林",25,"bottom","DCCCE*CEA****EBAEACE"
"20191061","映耀黃",93.75,"top","BCCDEEDEABCDEEDAACAB"
"20191062","鼎黃焱",68.75,"mean","ABCDBEDEABCBEEDBACDB"
"20191063","品彥季",87.5,"front","BCCDECDEABCDEEDAACDD"
"20191064","宏蔣宏",43.75,"rear","ECBDBEDEEDCECEDAACBA"
"20191065","文陳盈",25,"bottom","BACEDEDBCECEEADEDADC"
"20191066","林儒憬",45,"rear","BACEEEDEBBDBC*CAECDB"
"20191067","鼎徐榮",37.5,"rear","BEDBEADEBEBAEBDAABDB"
"20191068","黃鈞許",82.5,"front","BACDEEDBA*CDEEDAACDB"
"20191069","洪黃劉",68.75,"mean","DDCDCEDEABAEEEDAACDB"
"20191070","宏小劉",56.25,"rear","BCCDEEDDBBEBEDDAABDE"
"20191071","妤永元",62.5,"mean","BCCAEEAECBCDEEEACCDC"
"20191072","鼎盈黃",37.5,"rear","EECDCEDADACCECDACADB"
"20191073","沂儒肯",25,"bottom","BDCCCBDCDECDEDDCADEE"
"20191074","皇黃清",31.25,"bottom","BBBDEBBBDCCBAAAAACDB"
"20191075","俊錦恆",25,"bottom","EDADAEEEEBCEEBDCBCAE"
"20191076","峻澐鵬",18.75,"bottom","CCAEAADDBDDDEEDEEBDC"
"20191077","哲帆謙",100,"top","BCCDEEDEABCDEEDAACDB"
"20191078","林哲憶",31.25,"bottom","CCACEADDAEDEDDDAECDB"
"20191079","李肯芷",81.25,"front","BCCDEEDEAECDEEEDACDB"
"20191080","鑫黃陳",31.25,"bottom","BBCBEEEBABAEEACABAAB"
"20191081","吳瑞陳",45,"rear","B*CDEED*AAC**ACA**BB"
"20191082","儒偉家",0,"bottom","********************"
"20191083","徐徐信",100,"top","BCCDEEDEABCDEEDAACDB"
"20191084","縉資宗",20,"bottom","D*CD*EEB***D*CEACEEB"
"20191085","輔柏陳",81.25,"front","BCCDEEDBDACDEEDAACDB"
"20191086","諺哲毓",50,"rear","DCBDCABEAECDCEDEACDB"
"20191087","仁趙錦",50,"rear","BCBAEAADAECDEEDAABDD"
"20191088","蔣彬黃",81.25,"front","BACDEEDEABCDEEDAAEDC"
"20191089","群潔承",31.25,"bottom","BCAAEECBCBCDBEEABEBE"
"20191090","宇祥憬",93.75,"top","BCCDEEDEABCDEEDAACAB"
"20191091","厲豪鈞",75,"mean","DCCDEEDEABCDEEBAACAA"
"20191092","翰儒韋",43.75,"rear","ACCCCEDABBCCEEAAEDDB"
"20191093","宇鑫仁",81.25,"front","ABCDEEDEBBCDEEDAACDB"
"20191094","杜齊陳",43.75,"rear","BCEDABDBCBCDEEBCDADB"
"20191095","帆莊儒",100,"top","BCCDEEDEABCDEEDAACDB"
"20191096","旻孟邵",81.25,"front","ECCDDCDEABCDEEDAACDB"
"20191097","邱傑潔",87.5,"front","BCCDEEDDABCDEEDAACDE"
"20191098","焱宸哲",31.25,"bottom","EDECEEBBEBAAEEEAAADB"
"20191099","奕哲嘉",100,"top","BCCDEEDEABCDEEDAACDB"
"20191100","秦延凱",25,"bottom","BCAEEBDCDDCBECECDCDA"
"20191101","奕林偉",62.5,"mean","BACDBEDDABCABEDAACDA"
"20191102","彬煌肯",37.5,"rear","DCCDBEBAADDEEEACACDA"
"20191103","維耀傑",18.75,"bottom","BCBEAADDBBECEDCDCCDA"
"20191104","奕林偉",56.25,"rear","BDCAAECCEBCDEEEAACDB"
"20191105","陳昌曾",25,"bottom","BCCACADBEACEAEBAABBA"
"20191106","永文潔",75,"mean","BCCCEEBEABCDEEDAADDC"
"20191107","邵恆嘉",75,"mean","BCCDEEDEEBCDEEDAABEC"
"20191108","智健毅",68.75,"mean","BCCDEACEEBCDACDAACDB"
"20191109","許黃章",100,"top","BCCDEEDEABCDEEDAACDB"
"20191110","輔夢諺",63.75,"mean","BC*DEADEABC**E***CDB"
"20191111","陳鄭陸",75,"mean","BCCDEDDEBBCDEEDCAADB"
"20191112","群許鄭",68.75,"mean","BACDEBDEAECDEDDAACBB"
"20191113","林儀國",81.25,"front","BCCDEEDEBBCDEEAAACDA"
"20191114","秦吳邱",27.5,"bottom","CCE*E***ECC**B*EACDB"
"20191115","政儒嘉",100,"top","BCCDEEDEABCDEEDAACDB"
"20191116","吟李李",81.25,"front","BCCDEEDEAABDEECAACDB"
"20191117","高洪涵",56.25,"rear","BCCCEDDCABBBEEDDACDE"
"20191118","邱盈傑",93.75,"top","BCCDEEDEABCDEEDAAADB"
"20191119","友李哲",100,"top","BCCDEEDEABCDEEDAACDB"
"20191120","維黃劉",87.5,"front","BCBDEADEABCDEEDAACDB"
"20191121","政王薏",81.25,"front","BDCDEEDEABBDEEDACCDB"
"20191122","奕黃嘉",10,"bottom","CADE*AD*AEDBDED*BCCD"
"20191123","章陳璇",43.75,"rear","BBCBEEDBAACDBEBBAADA"
"20191124","黃翔泓",43.75,"rear","BCADECDBABEDEAAABCEA"
"20191125","鼎小翁",68.75,"mean","BCDEEEDEABDDEADAACDD"
"20191126","信蔣達",100,"top","BCCDEEDEABCDEEDAACDB"
"20191127","凱諭鼎",68.75,"mean","DCCDDEDBEBCEEEDAACDB"
"20191128","書彥信",25,"bottom","EACAEBDCBBCEAEBACCBD"
"20191129","林葉宗",81.25,"front","BCEDEEDEABCDEEDAADCB"
"20191130","良黃傑",43.75,"rear","CCCDEEDCBACDAEBCBCDC"
"20191131","映駿豐",62.5,"mean","BCCDCCDBCBCDECDAACDC"
"20191132","錦薏託",81.25,"front","CCCDEEDEAECDCEDAACDB"
"20191133","慶恩友",37.5,"rear","DCCBECDEDBDBEEEAECBA"
"20191134","劉沂翔",93.75,"top","BCCDEEDEABCDEADAACDB"
"20191135","沂鵬黃",62.5,"mean","ECEDEEDEAECBEEDCACCB"
"20191136","鼎翔昇",75,"mean","BACDEEDAABCDCEDADCDB"
"20191137","承明柏",43.75,"rear","CCBDEEDEDBCAEBDBBBBB"
"20191138","智仁煌",93.75,"top","BCCDEEDEABCDEEDAACAB"
"20191139","林楊陳",75,"mean","BDCDEBDEABCDEDAAACDB"
"20191140","沂恩哲",75,"mean","BCCDEEAEABCDEEECECDB"
"20191141","昌陳李",56.25,"rear","BCCEECCAACCDEADAAEDB"
"20191142","湛許錩",100,"top","BCCDEEDEABCDEEDAACDB"
"20191143","家儒洪",37.5,"rear","BCDCEEECDBCDCDBCABDB"
"20191144","邱秉林",81.25,"front","BCCDBEDEABCDEEDCDCDB"
"20191145","鼎李盈",58.75,"rear","BBCCEEDAA*CDEED*ACEA"
"20191146","洪仲如",75,"mean","CCCDEEDEABCDECDDACCB"
"20191147","盈陳豪",62.5,"mean","BCDDEEDEBBCCEACBACDB"
"20191148","佶維映",75,"mean","BACEEEDEABEDEEBAACDB"
"20191149","嘉信葉",73.75,"mean","BCCD*EBE**CDEED*ACDB"
"20191150","薏仲簡",50,"rear","BCEDEEBDABCDCDCCACBB"
"20191151","柏豪彥",18.75,"bottom","BACEAEBAABCDCDEEEBEA"
"20191152","平李林",100,"top","BCCDEEDEABCDEEDAACDB"
"20191153","朱翔黃",100,"top","BCCDEEDEABCDEEDAACDB"
"20191154","季洪曾",68.75,"mean","BECDCEDDABCDEEDAAACB"
"20191155","孫傑富",43.75,"rear","BDCEEEAECBEBBADCACDB"
"20191156","沂哲秉",50,"rear","BCCDCBDCAABDBECAAEDB"
"20191157","宇王慈",62.5,"mean","BACEEEDBABCDEEDABADA"
"20191158","詞許丞",75,"mean","BCCCEEDEDBCDBEDEACDB"
"20191159","縉智泓",87.5,"front","BCCDEEDEABCDEEDAABEB"
"20191160","宇孫元",100,"top","BCCDEEDEABCDEEDAACDB"
"20191161","邱秉恩",43.75,"rear","DBCDBEACABDBEEAAACBB"
"20191162","吳峻陳",100,"top","BCCDEEDEABCDEEDAACDB"
"20191163","振簡簡",87.5,"front","BCCDEEDCACCDEEDAACDB"
"20191164","焱陳昕",100,"top","BCCDEEDEABCDEEDAACDB"
"20191165","奕洪盈",27.5,"bottom","DBEAA*AEAECB*EDBACDE"
"20191166","涵宇汪",62.5,"mean","BDCDEACAABCDEEBADCDB"
"20191167","吳珊豪",81.25,"front","BCCDEEDEACCEEEDEACDB"
"20191168","蘇家智",100,"top","BCCDEEDEABCDEEDAACDB"
"20191169","邱夢育",68.75,"mean","CDCDEEDEBBCDEBDAACDA"
"20191170","仁宸峻",100,"top","BCCDEEDEABCDEEDAACDB"
"20191171","許奕陳",100,"top","BCCDEEDEABCDEEDAACDB"
"20191172","維昕恆",25,"bottom","DCCDADBBDCCBEBDBCADB"
"20191173","麒研彥",65,"mean","B*C*EED*AB*DEE*A**DB"
"20191174","毅嘉元",62.5,"mean","BCABEEEEBBCAEEDCACDB"
"20191175","蓉林鑫",31.25,"bottom","BBCBDBCDAECECCDAAADB"
"20191176","陽蔣哲",93.75,"top","DCCDEEDEABCDEEDAACDB"
"20191177","宜黃邱",31.25,"bottom","BCCDADBDEBCDCADCAAAE"
"20191178","謙薏翔",31.25,"bottom","CCCBEAADDCCDBEDADAAB"
"20191179","翔張正",100,"top","BCCDEEDEABCDEEDAACDB"
"20191180","謝昕延",43.75,"rear","ACBDBEAEACCEDADAABDB"
"20191181","彥孟柏",56.25,"rear","CCEAEEDEAACDEEDADAEB"
"20191182","承忠盈",65,"mean","*C*DE*DEABC**ED*A*DB"
"20191183","有安雯",75,"mean","BACDAEDEDBCDEEDAACCB"
"20191184","王苡錩",37.5,"rear","CCACEEBEADCBABDAAAEB"
"20191185","蔡弘黃",68.75,"mean","BEEAEEDEABCDDEDAAADB"
"20191186","則連潔",0,"bottom","********************"
"20191187","旻曾凱",37.5,"rear","BECACEDEADEEEEBDDADB"
"20191188","珊昱昌",100,"top","BCCDEEDEABCDEEDAACDB"
"20191189","家肯翁",56.25,"rear","BDCDCEAEBBCDEEBACCBB"
"20191190","雯昱蔡",50,"rear","DCCAEDDEABCDEDCCAADE"
"20191191","毓承施",31.25,"bottom","CCABEEDECCBAECCAEBDB"
"20191192","寧陳杜",12.5,"bottom","BCCBAAAADBAAECAABBAA"
"20191193","凱富駿",37.5,"rear","BAEDCEDDABEDCECDCCAB"
"20191194","洪連賴",85,"front","BCCD*EDEAB*DEE*AACDB"
"20191195","李陳吟",50,"rear","BDADCEDEABEDDDDCACDC"
"20191196","廖瑞黃",100,"top","BCCDEEDEABCDEEDAACDB"
"20191197","季蘇俊",81.25,"front","BDCDEEDEABCDEECAACBB"
"20191198","輔洪哲",43.75,"rear","CEAACEECBBCDEEDABCDB"
"20191199","郁宇錦",37.5,"rear","DACDEDCEABBBBCBACCDB"
"20191200","梓群致",56.25,"rear","BCCDEBDBCCCDCEDAEDDB"
"20191201","吳黃翰",31.25,"bottom","BCCDBADCBBEDEBACBEBB"
"20191202","楊瑜瑄",62.5,"mean","DACDEEDBABCBDEDDACDB"
"20191203","陳陳智",56.25,"rear","BDCDEADAABABBEEAACDB"
"20191204","翰建梁",50,"rear","BCDAEEAEADCBEEBAABDE"
"20191205","鴻奕諺",81.25,"front","BCCDEEDEDDCBEEDAACDB"
"20191206","信葉謙",0,"bottom","********************"
"20191207","韋楊林",75,"mean","BCCDEEDCABCDAEDEDCDB"
"20191208","研峻子",25,"bottom","EEEDEACCCBCECECAABAB"
"20191209","融哲韋",62.5,"mean","BCADEEDEACCDEEDBEDEB"
"20191210","智託清",18.75,"bottom","EEAEBBACEBCACEAAABDB"
"20191211","彬林陸",0,"bottom","********************"
"20191212","吳宇林",75,"mean","ECCDEEDAAACDBEDAACDB"
"20191213","秦涵陸",31.25,"bottom","BECDAEDDEACEEBDACEAA"
"20191214","翰專丞",50,"rear","BECDCEABABCDEECDCCDA"
"20191215","致夢彥",0,"bottom","********************"
"20191216","泓哲秦",37.5,"rear","BADDECBCACCDEADBAEEB"
"20191217","文儒專",25,"bottom","ECCBCACDADBDEEEACAAB"
"20191218","洪林佶",38.75,"rear","BCADADACAB*DDDDAACBA"
"20191219","託諺珊",68.75,"mean","ACBAECDEABDDEEDAACDB"
"20191220","書謙鑫",87.5,"front","BCCDEEDAABCDEEDABCDB"
"20191221","季泓林",56.25,"rear","BCEDAEEEABCDEEBEEEDB"
"20191222","澤冠信",43.75,"rear","CCCDEADEABADCECEBEDE"
"20191223","峻邵汪",62.5,"mean","BDDDEEDAADCDCEDDACDB"
"20191224","宇政駿",93.75,"top","BCCCEEDEABCDEEDAACDB"
"20191225","宜蔡豐",56.25,"rear","BDCEEECBADCDEADAAADB"
"20191226","王昱丞",31.25,"bottom","BABCEEEECBCCECDCEEAB"
"20191227","嘉章楚",0,"bottom","********************"
"20191228","林林許",62.5,"mean","BCCDBEDDAEEDAEDABCDB"
"20191229","朱藍洪",0,"bottom","********************"
"20191230","洪智峻",93.75,"top","BCCDEEDBABCDEEDAACDB"
"20191231","許慈楊",81.25,"front","ACCDEEAEAECDEEDAACDB"
"20191232","哲宇旻",6.25,"bottom","DBBCCEDDDECDCBBBBDDC"
"20191233","瑄冠鴻",68.75,"mean","DDCDEADEABCDEEDAAADD"
"20191234","明駱蓉",68.75,"mean","BCCAEEAEBBCDEEDDECDB"
"20191235","陳吳邵",37.5,"rear","BCEEBEAEDBCECCDADCDE"
"20191236","秉彬育",75,"mean","BCCDBEDEAECDEEDACCEB"
"20191237","專佩鄭",31.25,"bottom","DACCECAEBBCECEDDCCDE"
"20191238","舜廷智",81.25,"front","BCCDEEDAAECDDEDAACDB"
"20191239","政蔡彬",81.25,"front","BCCDEEEAABCDEEDBACDB"
"20191240","黃益冠",41.25,"rear","**CDEC***B*DEC**AEDB"
"20191241","涵涵洪",75,"mean","BCDDEEDEABCDEDDACCCB"
"20191242","汪陳蔡",75,"mean","ECBDEEDEEBCDAEDAACDB"
"20191243","林偉潔",31.25,"bottom","ACDBCEAAADCBEBDAECDD"
"20191244","平揚吳",100,"top","BCCDEEDEABCDEEDAACDB"
"20191245","哲林陸",87.5,"front","BCCDEEDECBDDEEDAACDB"
"20191246","明智致",31.25,"bottom","BCEBECDEBBCCAEADCECB"
"20191247","許鑫孫",28.75,"bottom","BC*BEADDBC*DE*BDEADB"
"20191248","宇盈陳",43.75,"rear","BBEDCEDEAACAEAABAADB"
"20191249","璇林陳",25,"bottom","BCCECBDEDDECCECCACBA"
"20191250","蔡麒永",81.25,"front","BCCDEEDEABCBCEDAACDC"
"20191251","夫煌黃",56.25,"rear","BCCBEEBBADCAEEDCACDC"
"20191252","羅蔡偉",81.25,"front","BCCDEEDEAACDDEDBACDB"
"20191253","洪仁蘇",62.5,"mean","DCCBEDDCABCDEEDADADB"
"20191254","陳吳澐",87.5,"front","BCCDEEDEABCDEEAAACEB"
"20191255","智如儒",68.75,"mean","BCCBEEDEABCDEBCAADEB"
"20191256","洪皇家",87.5,"front","BCCDEEDDABEDEEDAACDB"
"20191257","蔡葉峻",93.75,"top","ECCDEEDEABCDEEDAACDB"
"20191258","儒信舒",93.75,"top","BCCDEEDEABCDEEDAACCB"
"20191259","家復李",43.75,"rear","CDCCEEEAABEDAEDADDDB"
"20191260","諭忠陳",50,"rear","CCCDCCDEBBBDEEDADBDE"
"20191261","儒佩洪",87.5,"front","BCCDEEEEADCDEEDAACDB"
"20191262","緣豪慈",56.25,"rear","BCDDBEEECAEDEEDEACDB"
"20191263","慈柏許",68.75,"mean","BEEDEEDCDBEDEEDAACDB"
"20191264","子賴黃",25,"bottom","ADAADEDBADCBEADADEDA"
"20191265","陳蔣振",75,"mean","BACCEEDEABADEEDDACDB"
"20191266","洪振宣",100,"top","BCCDEEDEABCDEEDAACDB"
"20191267","杜哲嘉",87.5,"front","BCCEEEDEDBCDEEDAACDB"
"20191268","林儒宣",100,"top","BCCDEEDEABCDEEDAACDB"
"20191269","黃憬連",68.75,"mean","DCCDEEDDABCDEBDBADDB"
"20191270","潔煌憬",62.5,"mean","ACCDDEDEABAAEDDADCDB"
"20191271","澤杜雯",25,"bottom","EEDBDEEADEBDEEDEBCDB"
"20191272","許富致",87.5,"front","BCCDEEDEABCDAADAACDB"
"20191273","趙緣寧",100,"top","BCCDEEDEABCDEEDAACDB"
"20191274","奕邱黃",81.25,"front","BCEDEDDEABCDEEDDACDB"
"20191275","李苡陳",100,"top","BCCDEEDEABCDEEDAACDB"
"20191276","佩盈宏",50,"rear","DDCDAEDBACBDAEDACCDB"
"20191277","佩陳豐",81.25,"front","BCCCEEDDABCAEEDAACDB"
"20191278","錦丞君",65,"mean","BCBDEE*EEBCDEEDE*CEB"
"20191279","恆陳哲",100,"top","BCCDEEDEABCDEEDAACDB"
"20191280","林邵豪",87.5,"front","BCCDEEDEBBCDEEDDACDB"
"20191281","銘林陽",56.25,"rear","AAEDAEDEAECDBECAACDB"
"20191282","傑祥祥",31.25,"bottom","DCDBCEEBCECDBADAACDE"
"20191283","榮嘉廷",43.75,"rear","BCDDCEDCEBCDEBDBEADC"
"20191284","陳錦陳",100,"top","BCCDEEDEABCDEEDAACDB"
"20191285","蔣輝涵",100,"top","BCCDEEDEABCDEEDAACDB"
"20191286","翰群黃",25,"bottom","BDCDBBAEABBCCADBADEC"
"20191287","琬俊諭",68.75,"mean","ECCCEEAEABCDEEAAACEB"
"20191288","恩輔偉",68.75,"mean","BECEEEDEBBDDEEDADCDB"
"20191289","彬王連",81.25,"front","BCCDECDDABBDEEDAACDB"
"20191290","豪邱蔣",36.25,"bottom","CCCEE*DBCBC*EEBAC*E*"
"20191291","泓梁宸",62.5,"mean","BACCEEADABCDEEDADCDE"
"20191292","欣藍彥",37.5,"rear","CCCDEEAEEECECDDAAEBC"
"20191293","洪智戴",32.5,"bottom","BDDCDD*E*BC**EDA*BD*"
"20191294","魏信洪",56.25,"rear","BCCDBAEEBBCAEEDAADAB"
"20191295","昕洪奕",62.5,"mean","DCCBEEBBABCDEEDDDCDB"
"20191296","徐李李",43.75,"rear","DBCEEEEEABBEEEDABCEA"
"20191297","周佳柏",0,"bottom","********************"
"20191298","恆則儒",43.75,"rear","CDEDDEDCEBCCAEDEACDB"
"20191299","明成清",37.5,"rear","BCACECCAABCDEBBCEDDB"
"20191300","宏朱慶",81.25,"front","BCCDEEEEABCCEEDCACDB"
"20191301","鴻鵬翰",70,"mean","BC*DE**EA**DEEDAACD*"
"20191302","復彥成",81.25,"front","CCCDEEDBABCDEEDBACDB"
"20191303","智駿杜",50,"rear","ABDDEDAEABBDEEDACCBB"
"20191304","欣俊楊",81.25,"front","BCEDECDEABCDECDAACDB"
"20191305","偉致宇",50,"rear","CCCDEADEABADDEDBADBC"
"20191306","洪梓信",75,"mean","CDCDEEDEABCDEEDAECDC"
"20191307","黃家舜",87.5,"front","BCCDEEDEABCDDEDAACAB"
"20191308","宏翰駱",0,"bottom","********************"
"20191309","奕徐廷",12.5,"bottom","DBDCECACEDCEECDACACB"
"20191310","芷梁趙",87.5,"front","BACDEEDEABCDEEDAACDC"
"20191311","喬許愷",62.5,"mean","BCADEEDBAECDEEDDBBDB"
"20191312","延黃儒",100,"top","BCCDEEDEABCDEEDAACDB"
"20191313","楊許陳",56.25,"rear","BEEDCDAEABCDEEDADCAB"
"20191314","政家健",62.5,"mean","ECCAEEDBABCBEEAADCDB"
"20191315","明品連",18.75,"bottom","ECCCDEBDCEDDCBCAACAC"
"20191316","錞豪林",56.25,"rear","BBEAEEDAABCDBEAAACDD"
"20191317","智銘薏",56.25,"rear","DCBDAEDEABCDAEEDAADB"
"20191318","洪良重",75,"mean","BCCDEEDAEBCDEEDAECDE"
"20191319","蔡夢鄭",100,"top","BCCDEEDEABCDEEDAACDB"
"20191320","則陸陳",56.25,"rear","BDCAEEDACBCDBEDAECDA"
"20191321","徐豪吳",81.25,"front","BCCDBEEEADCDEEDAACDB"
"20191322","恩施映",25,"bottom","BEDDDBDEBEDDEDDDEDBB"
"20191323","葉鄭陳",43.75,"rear","DCADECDEACCDECDDABCE"
"20191324","承錦翔",31.25,"bottom","ECCDCBDEBBEBEEAABBCE"
"20191325","鼎融黃",0,"bottom","********************"
"20191326","翰禹洪",37.5,"rear","BECDCADCBBCEEBACABDB"
"20191327","澤潘許",18.75,"bottom","BECBCDAEEAEDEEBBABAE"
"20191328","蔡郁沂",43.75,"rear","ACCACAEEBBEDAEDAACBB"
"20191329","蔣楚黃",87.5,"front","BCCDEEDEBCCDEEDAACDB"
"20191330","豐盈安",37.5,"rear","BBDADEEEABCEEDEAACBE"
"20191331","盈洪宇",100,"top","BCCDEEDEABCDEEDAACDB"
"20191332","沂恩黃",43.75,"rear","BAECEDDBABCDECDECCBB"
"20191333","邵豪良",0,"bottom","********************"
"20191334","榮翁林",100,"top","BCCDEEDEABCDEEDAACDB"
"20191335","翔梓邱",100,"top","BCCDEEDEABCDEEDAACDB"
"20191336","雯丞禹",50,"rear","BCCAEEDBAECAECDCCCCB"
"20191337","鄭昌豪",87.5,"front","BACDEEDEABCDBEDAACDB"
"20191338","季陳佶",75,"mean","BCCDAEDDBBCDECDAACDB"
"20191339","黃丞簡",100,"top","BCCDEEDEABCDEEDAACDB"
"20191340","孟智宇",8.75,"bottom","CD*C***C*BCAEAC**BDE"
"20191341","信涵林",37.5,"rear","BBCCABDEABABBEBACCCB"
"20191342","國政丞",46.25,"rear","D*CD**D*ABCB*EBAA**B"
"20191343","許陳林",33.75,"bottom","BACDEDCDABCADDB*AD*B"
"20191344","儒王家",25,"bottom","EDCDDAAAABCEABDEECDC"
"20191345","涵澐瑄",62.5,"mean","ECCDDECEABCBEEDAAEBB"
"20191346","連毓昇",0,"bottom","********************"
"20191347","哲季益",42.5,"rear","BCC*E*AAABCD*BBDECD*"
"20191348","劉泓哲",0,"bottom","********************"
"20191349","陳偉張",87.5,"front","ACCDEEDEABCDEEDAACDD"
"20191350","良專榮",45,"rear","BCDDAECECBCDB*ABBCDB"
"20191351","魏鑫冠",100,"top","BCCDEEDEABCDEEDAACDB"
"20191352","蔡孫恆",0,"bottom","********************"
"20191353","林彥宇",50,"rear","EBCDEBCEABCDCBDAAADE"
"20191354","曾丞鄭",75,"mean","ECCDCEBEABCDEEDAECDB"
"20191355","宏妤家",75,"mean","BCCDEADEAACDEEDADCBB"
"20191356","梁宏趙",0,"bottom","********************"
"20191357","洪旻蔡",18.75,"bottom","BEBCCADEBBBDAECDCADD"
"20191358","林信宜",70,"mean","BCC*EEDE*BCD****ACDB"
"20191359","翔永宇",43.75,"rear","B**D**DE*BCDBECAECCC"
"20191360","維冠趙",45,"rear","BCCC**DAA*ADEEDC***B"
"20191361","妤冠王",100,"top","BCCDEEDEABCDEEDAACDB"
"20191362","弘良儒",31.25,"bottom","CCABEEAEBECBAECEACDC"
"20191363","宏黃洪",87.5,"front","BCCDEEDAABCDEEDAACEB"
"20191364","陳研育",100,"top","BCCDEEDEABCDEEDAACDB"
"20191365","梁子盈",68.75,"mean","BCCAEEDEABCDEDCADCCB"
"20191366","朱泓陳",68.75,"mean","BCCDEEDEABDBBEBAACEB"
"20191367","翔信翰",100,"top","BCCDEEDEABCDEEDAACDB"
"20191368","復豪聰",87.5,"front","BCCCEEDEABCDEEBAACDB"
"20191369","研蓉林",87.5,"front","BCCDEECBABCDEEDAACDB"
"20191370","舜鄭澤",100,"top","BCCDEEDEABCDEEDAACDB"
"20191371","弘宏謙",81.25,"front","BCCAEEDEABCDEBAAACDB"
"20191372","李陳林",93.75,"top","BCCDEEDEABCDEEDCACDB"
"20191373","翔林盈",93.75,"top","BCCDEADEABCDEEDAACDB"
"20191374","郭融昱",25,"bottom","BEBDABDADDEAEDDAEEDB"
"20191375","潘蔡信",67.5,"mean","BCCAEE**ABB*EED*ACDB"
"20191376","銘邱鴻",68.75,"mean","BDCDEEDECBCDEBBAACDA"
"20191377","諭黃書",25,"bottom","ACCEEABCAEBCCEDBADAB"
"20191378","李涵洪",100,"top","BCCDEEDEABCDEEDAACDB"
"20191379","達羅苡",56.25,"rear","BCCBEEDCCBCBEDDEACDA"
"20191380","宏蘇如",75,"mean","BCCAAEDECBCDEEDAABDB"
"20191381","勝成平",81.25,"front","BCCDBEDEEACDEEDAACDB"
"20191382","黃邱舜",45,"rear","BDCD**D*AB*DDEB*ACC*"
"20191383","高聰湛",87.5,"front","BCCDBEDEABCDEEBAACDB"
"20191384","孫蔣健",43.75,"rear","ABEBEEDEADDDECDBECDB"
"20191385","朱耀高",43.75,"rear","DCCDEEBBBCCDEEAAAABA"
"20191386","洪蔡維",87.5,"front","BCCDEEDEADCDEEDAABDB"
"20191387","王秉昱",56.25,"rear","CCDDEDDECBCEEEEAABDB"
"20191388","柏託李",25,"bottom","*CBEC*DBABCC**DD*BDE"
"20191389","邱偉健",25,"bottom","CDDEEEAEACCECECABABB"
"20191390","夫鴻王",93.75,"top","BCCDEEDECBCDEEDAACDB"
"20191391","宏如鄭",50,"rear","BABDDEDEEBCCEEBAADDD"
"20191392","文林仲",37.5,"rear","BACACEDBEECBBCDBACDB"
"20191393","振柏藍",75,"mean","BDCDEBEEACCDEEDAACDB"
"20191394","憬冠魏",37.5,"rear","BEDEDEDAEBCEEEBCACAB"
"20191395","友葉峻",43.75,"rear","BCBDBEDEDBABEAAAAEDD"
"20191396","智李彬",87.5,"front","BDCBEEDEABCDEEDAACDB"
"20191397","友駱蔡",25,"bottom","BAEAAEDACECEEEEBEEDB"
"20191398","昕弘楚",75,"mean","BECDEEDEABCDEEDCDCEB"
"20191399","林重宏",0,"bottom","********************"
"20191400","資建徐",25,"bottom","BCBCDDCBACEEEBEABCDB"
"20191401","肯黃偉",75,"mean","BCDEEEDEABCDEECEACDB"
"20191402","王林愷",75,"mean","ACCDEEDAABCBEEDAACCB"
"20191403","愷廷黃",87.5,"front","BCCDEEDEABCCCEDAACDB"
"20191404","家如陳",43.75,"rear","DDCDBEDEADCDDCDCAAEB"
"20191405","翰嘉豪",62.5,"mean","BCCEDEDBABCDECDCDCDB"
"20191406","焱廖藍",87.5,"front","BCCDEEDEADCDEEDAACAB"
"20191407","榮儒涵",81.25,"front","BCBDEEAEABCDEECAACDB"
"20191408","徐秉峻",31.25,"bottom","ACCDACDCDACDEADECDEB"
"20191409","天曾涵",72.5,"mean","BCCDAE**ABCDE*DADCDB"
"20191410","李李肇",50,"rear","BCCCCBECADCEEEDAACEB"
"20191411","陳麒龔",87.5,"front","ECCDEEDEABDDEEDAACDB"
"20191412","陸峻輔",75,"mean","BCBCEEDEAECEEEDAACDB"
"20191413","則廖瑄",55,"rear","BCD*AEDEA*D*EEDAAC*A"
"20191414","連寧梁",55,"rear","**CDEDB*ABCDBEDA*CCB"
"20191415","泓友林",100,"top","BCCDEEDEABCDEEDAACDB"
"20191416","黃俊謝",62.5,"mean","BCEDEEEEDBCDEEEAADBB"
"20191417","陳俊夢",25,"bottom","DCCDECCBBBCBEDAADECE"
"20191418","林傑林",68.75,"mean","BBCDEEDEDBCDEEDACADC"
"20191419","謙蘇李",81.25,"front","BDCDEEDAABCDEEDAAADB"
"20191420","則良哲",68.75,"mean","ECBDEEDEAECDBEDAACDD"
"20191421","林黃柏",37.5,"rear","ECAABEBCACCAEADEACDB"
"20191422","澐林韻",37.5,"rear","BECEEECAAAEADEDAABCB"
"20191423","林鈞羅",31.25,"bottom","BDCBEBAEBDEDDEBDABDB"
"20191424","厲林皇",62.5,"mean","BCCDCECECBCEEEEBACDB"
"20191425","趙智延",0,"bottom","********************"
"20191426","邱傑韻",87.5,"front","BCCDEEDEABCDEEDCBCDB"
"20191427","勝謙宏",25,"bottom","ACCEEDECACADEEACDEDE"
"20191428","翔豪劉",78.75,"mean","B*CDEEDEABCDECDA**DB"
"20191429","李豪嘉",100,"top","BCCDEEDEABCDEEDAACDB"
"20191430","託偉雯",68.75,"mean","BADDEBDEABCDBEDAABDB"
"20191431","蔡錩昇",37.5,"rear","ACCDAEDCAECCDEDCDCEA"
"20191432","林揚信",0,"bottom","********************"
"20191433","杜俊安",81.25,"front","BCCDEEDBCBCDEBDAACDB"
"20191434","嘉趙季",37.5,"rear","BCBDDADDDBCCECDACEDE"
"20191435","吳佩魏",26.25,"bottom","*A*DEE*AC**EBEDB*CBB"
"20191436","林延智",18.75,"bottom","EEECBCAEAECAECCAACEE"
"20191437","復夫帆",0,"bottom","********************"
"20191438","許潔泓",71.25,"mean","ECBDEEEEABCDE*DAA*DB"
"20191439","廷哲融",100,"top","BCCDEEDEABCDEEDAACDB"
"20191440","周宏哲",31.25,"bottom","BCACEEEEAEBDEDDDBBAA"
"20191441","平鵬諺",75,"mean","BCCDEEDEAAEDEEDACBDB"
"20191442","俊豪楊",37.5,"rear","BAEAEBDCDCCBECCAACDB"
"20191443","峻焱榮",0,"bottom","********************"
"20191444","澐薏秉",43.75,"rear","ECCECEBAABCDEADAEBAB"
"20191445","政嘉奕",18.75,"bottom","DCCDDADCDCBDEDACBCCE"
"20191446","子邵樺",100,"top","BCCDEEDEABCDEEDAACDB"
"20191447","黃小昌",81.25,"front","BBCDEEDEEBCDEEAAACDB"
"20191448","儒徐家",87.5,"front","BCADEEDEABCDEEDEACDB"
"20191449","錞榮昱",81.25,"front","BCCDBEDEADCDEEDAACDA"
"20191450","駱龔肇",75,"mean","BCCDBEDEABCDEEBBDCDB"
"20191451","泰祥宣",87.5,"front","BCCDEEDEDBCDDEDAACDB"
"20191452","映朱禹",43.75,"rear","AABBEEDECECDDECDACDB"
"20191453","齊復連",31.25,"bottom","BECDCEBAAECDDEDBCBAE"
"20191454","謝陳智",75,"mean","BCCDEEDEA*C***DAA*DB"
"20191455","健林林",25,"bottom","EDABEEDEDCCAADEBADDB"
"20191456","信許羅",0,"bottom","********************"
"20191457","清致仁",100,"top","BCCDEEDEABCDEEDAACDB"
"20191458","曾奕小",62.5,"mean","BCEEEECAABCDBEDAACEB"
"20191459","蔡仁豪",25,"bottom","BCDDCABAACBDEADCECBA"
"20191460","詞儒厲",0,"bottom","********************"
"20191461","徐翔王",100,"top","BCCDEEDEABCDEEDAACDB"
"20191462","耀蔣林",37.5,"rear","ECAEEEDAABACCDAAACBB"
"20191463","豪陳文",0,"bottom","********************"
"20191464","友冠季",100,"top","BCCDEEDEABCDEEDAACDB"
"20191465","毅朱曾",87.5,"front","ECCDEEDCABCDEEDAACDB"
"20191466","洪琬許",93.75,"top","BCCDEEDEABCDEEDAAEDB"
"20191467","趙文豐",87.5,"front","BCCDEEDEABCDEEDEACEB"
"20191468","琬丞諺",68.75,"mean","ECCDEEDEABCDAADADCCB"
"20191469","洪舜平",48.75,"rear","BC**EBD***CDEE***CD*"
"20191470","奕洪林",56.25,"rear","BCBDEEDBADCCEEDCCCDA"
"20191471","恩達縉",87.5,"front","BCCDEEDECBCDEEDAACBB"
"20191472","宏翔廷",56.25,"rear","ACCBEEDEADCDCEDECCDA"
"20191473","陳佶蔡",87.5,"front","DCCDEEDEABCDEADAACDB"
"20191474","孫林林",87.5,"front","BCCDEEDEABCDBEDADCDB"
"20191475","家明寧",81.25,"front","ECCDEEDEABCDEDDABCDB"
"20191476","李連林",12.5,"bottom","***BEABAAC*CEADBDC*A"
"20191477","肯丞齊",50,"rear","BDBCCEDEDBCDEADBADDB"
"20191478","正昱達",62.5,"mean","EACDEBDECDCDEDDAACDB"
"20191479","君李陳",62.5,"mean","BCEDEEECCBCAAEDAACDB"
"20191480","翰林吟",62.5,"mean","BCADEECEABCAEEEAACCC"
"20191481","宇瑞豪",62.5,"mean","BCCDEEDEABCDDDBDEBDB"
"20191482","汪劉書",87.5,"front","DCCDCEDEABCDEEDAACDB"
"20191483","鈞李芷",75,"mean","BCEDEEDEABCDAEDBCCDB"
"20191484","湛冠鄭",62.5,"mean","BCEDEBDDADCDAEDAAADB"
"20191485","許梓陳",25,"bottom","BCCDCDDDECCBAEDDBAEC"
"20191486","元林儒",55,"rear","BCDDDEEEA*CAE*DAAC**"
"20191487","友涵彬",55,"rear","ACAD*ECEABCD**DA*CAB"
"20191488","許達黃",81.25,"front","BCADEADEBBCDEEDAACDB"
"20191489","陳澐榮",87.5,"front","BCEDEEDEABCDAEDAACDB"
"20191490","林秦家",20,"bottom","AAA**E*CABC**AD*BAEB"
"20191491","洪洪孟",100,"top","BCCDEEDEABCDEEDAACDB"
"20191492","蔣榮錩",37.5,"rear","ACADEEDEABDABECADBBC"
"20191493","諭舜有",31.25,"bottom","BCDDEDBEABCECABEBBDD"
"20191494","蓉涵宏",25,"bottom","DCADDEDBCBEADEABAEDA"
"20191495","豪佩莊",75,"mean","EDCDEEDEEBCDEEDAAEDB"
"20191496","秉宜謙",18.75,"bottom","ADCEAABEBDCCEDDBADDD"
"20191497","陳宇林",62.5,"mean","BBCDEEDCDACDEEDEAEDB"
"20191498","丞祥曾",56.25,"rear","ECCDDECCBBCDDCDAACDB"
"20191499","錦邱洪",90,"front","B*CDEEDEABC*EEDAACDB"
"20191500","豪儒瑜",72.5,"mean","B*CDEADE*BCDCEDA*CDB"
"20191501","仁益肇",50,"rear","BCCDEEDEBBBCBDDCBCAB"
"20191502","許涵廖",62.5,"mean","BECAEBDEABBDEEDAAEEB"
"20191503","薏梁翔",68.75,"mean","BACDEEDEAACBEEDABCEB"
"20191504","秉珊俊",43.75,"rear","ACCDBCDEBBDADADAACBB"
"20191505","宇丞林",100,"top","BCCDEEDEABCDEEDAACDB"
"20191506","慶劉沂",75,"mean","BCCDEEDEABADEEBEACDC"
"20191507","劉鼎章",75,"mean","BCCDBEDEAECDEEBAACBB"
"20191508","儀忠許",68.75,"mean","ECCDACDECDCDEEDAACDB"
"20191509","林蔡宏",0,"bottom","********************"
"20191510","楊黃益",18.75,"bottom","CEEEEEBDABBDCEBEBBAB"
"20191511","議託盈",31.25,"bottom","ECCADEADBBCDABEABCDE"
"20191512","林達林",62.5,"mean","CECDAEDBABCDEEBAADDB"
"20191513","周慶昌",68.75,"mean","BCECEBDEABBDEDDAACDB"
"20191514","柏洪李",81.25,"front","BCCBCEDEABADEEDAACDB"
"20191515","苡政傑",31.25,"bottom","ECCCACBCBACDEECDACEB"
"20191516","成李秉",81.25,"front","ECADEEDEABCEEEDAACDB"
"20191517","有舜盈",68.75,"mean","BACDEDAEABBDEEDBACDB"
"20191518","達許文",75,"mean","BCCDEEDDACDDEBDAACDB"
"20191519","楊陳楊",18.75,"bottom","CBAACECEAACABEBAABEA"
"20191520","黃子揚",37.5,"rear","BEDEEEEADDCDBBDACCDB"
"20191521","勝澐陳",43.75,"rear","BCEDECEEABACCDBCACDB"
"20191522","宏李珊",75,"mean","BCCADEDEABCDEBDAACCB"
"20191523","許陳冠",75,"mean","BCEDEECECBCDEEDAACDC"
"20191524","耀有恩",100,"top","BCCDEEDEABCDEEDAACDB"
"20191525","蔡奕哲",93.75,"top","BCCDEEDEABCDEEDAAEDB"
"20191526","瑄洪志",100,"top","BCCDEEDEABCDEEDAACDB"
"20191527","家梓奕",87.5,"front","BCCDEEDEABCCEEDAAEDB"
"20191528","林陳盈",75,"mean","BCCDBEDEABCAEEDDACDD"
"20191529","孟蔣沂",62.5,"mean","EECAEEDECBCBCEDAACDB"
"20191530","偉皇周",62.5,"mean","CCADDEDBABCDEEBAACDA"
"20191531","煌朱恆",50,"rear","ACCDCACEACCDBEDACCDE"
"20191532","明邱輔",31.25,"bottom","BBCAAEDEABAAEBEDDDAB"
"20191533","陳佶凱",43.75,"rear","BCBDECBDABCDCADCDCEB"
"20191534","駱峻輝",81.25,"front","BCCDEEDDABCBEEDAADDB"
"20191535","冠劉林",62.5,"mean","DCADEDDEABCDAEABACDB"
"20191536","李盈哲",93.75,"top","BCCDEEDEABCDEECAACDB"
"20191537","曾延黃",93.75,"top","BCCDEEDEABCDEEDAECDB"
"20191538","慶俊芷",81.25,"front","BCCCEBDEABCDEEDAADDB"
"20191539","偉昱明",62.5,"mean","CDDDEEDECBCDEEDAACBC"
"20191540","承健智",100,"top","BCCDEEDEABCDEEDAACDB"
"20191541","柏智瑄",32.5,"bottom","A*C*EE*EAACEB*DB*E*B"
"20191542","育智柏",68.75,"mean","BCBAEEAEABABEEDAACDB"
"20191543","健致林",75,"mean","BCCDEEDEAACDECAAAADB"
"20191544","政奕智",100,"top","BCCDEEDEABCDEEDAACDB"
"20191545","夫愷駱",68.75,"mean","BCCDCEDEDBBDEBDAABDB"
"20191546","周怡盈",25,"bottom","BDCBBEBEDBEDDAEDAABB"
"20191547","明宜李",62.5,"mean","CCCDBBEEABCAEEAAACDB"
"20191548","劉林季",68.75,"mean","BCBDEEEEABCBAEDCACDB"
"20191549","則林洪",75,"mean","BCCDEEDDABADEEEAABDB"
"20191550","蔡林李",26.25,"bottom","CC*EAABEABCA*ED**B**"
"20191551","黃舒樺",81.25,"front","BCCDECDEEBCDEEDABCDB"
"20191552","駱秉仁",42.5,"rear","**CDEE**AB*E***EA*DB"
"20191553","蘇宏翔",31.25,"bottom","BCADBADADACDEBDADAED"
"20191554","冠廷仁",46.25,"rear","BACDEEDEDE**EAEBACBB"
"20191555","宸洪陳",43.75,"rear","EDCBEEBEAECEEEDABAAB"
"20191556","沂達緣",93.75,"top","BCCDEEDEABCDEEDDACDB"
"20191557","信洪李",68.75,"mean","BACAEEDEABCDAEDEAADB"
"20191558","益李禹",58.75,"rear","BCCCCEDEE**DEBAAACDB"
"20191559","吳沂翁",81.25,"front","BCCDEEAECBCDEEDBACDB"
"20191560","託肯璇",12.5,"bottom","EACDAEDCCBDABAAECADA"
"20191561","喬蓉哲",75,"mean","BCCBEEDEABCAEEDEAADB"
"20191562","議汪鑫",5,"bottom","*AC*BBDBC**EDCBDECBB"
"20191563","文宣耀",68.75,"mean","BCDDEEDEBBBDCEDADCDB"
"20191564","湛翁小",75,"mean","CCCDBEDEABCDEEDCACDD"
"20191565","柏復蘇",75,"mean","BCEDEEDEABCDADDAACBB"
"20191566","宜承葉",31.25,"bottom","EDACAEBEEBBAEEBADCDB"
"20191567","佩鄭縉",37.5,"rear","BECDEBDEEBDBABDEABCB"
"20191568","富蔡翔",75,"mean","ECCDEBEEABEDEEDAACDB"
"20191569","珊豪專",50,"rear","BCCEBEDCAEEDEEDEACCD"
"20191570","蔡季蘇",100,"top","BCCDEEDEABCDEEDAACDB"
"20191571","耀賴章",40,"rear","B*CC*ABE*B*DE*D**CDD"
"20191572","復齊研",100,"top","BCCDEEDEABCDEEDAACDB"
"20191573","朱章智",81.25,"front","BCCDEEDCDBCDEEAAACDB"
"20191574","昇彬陸",62.5,"mean","BCCDDADEAACDEEAAADDD"
"20191575","皇邱瑞",38.75,"rear","DC*D*EAEABCCE**D*CC*"
"20191576","弘蓉梓",25,"bottom","CABAEEDBBAEAEEDADEDE"
"20191577","汪哲鄭",62.5,"mean","BECECEDEAADDEEDAADDB"
"20191578","蔣施鼎",95,"top","BCCDEEDE*BCDEEDAACDB"
"20191579","黃陳廷",87.5,"front","BCCDEEDEABCDEEBEACDB"
"20191580","儀陳仁",37.5,"rear","ECEDDAAAEBCDEEEEACDD"
"20191581","成諺哲",75,"mean","BCCDEEDEEBCEEEDCACAB"
"20191582","林彥祥",100,"top","BCCDEEDEABCDEEDAACDB"
"20191583","俊林家",22.5,"bottom","*****A*BABDDE*DC*CAA"
"20191584","陳鈞琬",43.75,"rear","ACCCEECEDEEDECDBACDD"
"20191585","祥戴昇",93.75,"top","BCCDEEDEABCDBEDAACDB"
"20191586","研焱君",31.25,"bottom","BCCBEACEBEEBDEECACDC"
"20191587","蔡凱煌",87.5,"front","DCCDEEDEABCDEEDAACDA"
"20191588","宗陽政",87.5,"front","BCCDEECEABCCEEDAACDB"
"20191589","仲宇柏",100,"top","BCCDEEDEABCDEEDAACDB"
"20191590","成梓苡",100,"top","BCCDEEDEABCDEEDAACDB"
"20191591","連政冠",81.25,"front","BCCDEECEABCDEBAAACDB"
"20191592","孫重黃",68.75,"mean","BBCDCEDEAECDEEAAADDB"
"20191593","復許儒",18.75,"bottom","BEDEBADDEBADAEDEDDCB"
"20191594","慈謝楚",31.25,"bottom","BCACEEABADABEECACDDC"
"20191595","研黃陳",0,"bottom","********************"
"20191596","翰豐慈",75,"mean","DCDDEEDEACCDECDAACDB"
"20191597","盈則黃",12.5,"bottom","DCCBCCDAEDBACBABABDB"
"20191598","許品朱",43.75,"rear","BCCDEEADABAACEEEBCDD"
"20191599","正家憬",25,"bottom","CACDBEAAAEEEBAEAAEDB"
"20191600","洪林施",68.75,"mean","EACDEEDEABCAEDDADCDB"
"20191601","平廷小",43.75,"rear","ACADEEAEABCCECBADADC"
"20191602","焱宣洪",87.5,"front","BCCDEDDEABCDEECAACDB"
"20191603","林邱鄭",25,"bottom","AACAEADADCCABEDCECDC"
"20191604","哲錞文",87.5,"front","ECCDEEDEABCDEEDABCDB"
"20191605","平吳恩",43.75,"rear","BCBDCEBEEDCCEDDABCCB"
"20191606","連儀林",75,"mean","BCCDEEDDBBCDDDDAACDB"
"20191607","揚秉傑",68.75,"mean","BCDDCECEABCDDEDBACDB"
"20191608","家黃連",23.75,"bottom","E*DDEBAEBB**DED*DCBE"
"20191609","專瑄盈",100,"top","BCCDEEDEABCDEEDAACDB"
"20191610","林仁芷",25,"bottom","ECBABEACEBCBEEAEABBB"
"20191611","昕瑞振",81.25,"front","BCCDEBDEABCDEEBADCDB"
"20191612","李蓉仁",81.25,"front","BCCDEEDEABCDDEDCDCDB"
"20191613","洪林翰",68.75,"mean","BCDDEEBEAACDEBDAADDB"
"20191614","李輝周",75,"mean","BCCDEDDEDBCDECDAADDB"
"20191615","林盈曾",100,"top","BCCDEEDEABCDEEDAACDB"
"20191616","湛祥忠",81.25,"front","BACDEEDAAECDEEDAACDB"
"20191617","翰吟沂",75,"mean","EBADEEDEABCDEEDEACDB"
"20191618","哲哲哲",81.25,"front","BCCDEECEABCDEEDABCDC"
"20191619","宜偉瑄",62.5,"mean","CCCDEDDBABCDEEDBABDD"
"20191620","育泓雯",31.25,"bottom","CBCDEEEEAACBDADBAABD"
"20191621","季簡怡",56.25,"rear","BCCDBEACEBADDEDAACCB"
"20191622","徐傑澐",100,"top","BCCDEEDEABCDEEDAACDB"
"20191623","謝達宏",62.5,"mean","ECCDDEDEABCAEEDEADEB"
"20191624","豐榮黃",68.75,"mean","BCDDEEDBABCDEEDABCAE"
"20191625","信蘇陳",87.5,"front","BCCDEEDACBCDEEDAACDB"
"20191626","諺銘智",75,"mean","BCCDEBDEABADEEDADCEB"
"20191627","益信許",100,"top","BCCDEEDEABCDEEDAACDB"
"20191628","蔡謝盈",37.5,"rear","ACCBBEBEAEADEEBBACAC"
"20191629","洪孟縉",100,"top","BCCDEEDEABCDEEDAACDB"
"20191630","偉林映",100,"top","BCCDEEDEABCDEEDAACDB"
"20191631","欣曾安",56.25,"rear","BBCDEECEABCCEBAEACAB"
"20191632","泓哲秉",31.25,"bottom","BCEEBEABBDADEBECACDB"
"20191633","雯憶林",31.25,"bottom","EDDDEEDCEBEDEECDAEBE"
"20191634","諭文朱",62.5,"mean","ACADEEDEABBDEBCACCDB"
"20191635","孫陳許",62.5,"mean","BEDDEEAEABCDBADAADDB"
"20191636","融洪哲",100,"top","BCCDEEDEABCDEEDAACDB"
"20191637","薏旻黃",62.5,"mean","BCBEEEDEAECDEEDBBEDB"
"20191638","映蔣憶",68.75,"mean","BCECEEDBACCDEDDAACDB"
"20191639","鈞肯謝",87.5,"front","BCCAEEDEABCCEEDAACDB"
"20191640","議仁陸",47.5,"rear","BECD*E*EDBCBEDDC*EDB"
"20191641","羅秦瑞",100,"top","BCCDEEDEABCDEEDAACDB"
"20191642","宏曾瑞",0,"bottom","********************"
"20191643","林宗秦",81.25,"front","BCCDEEDEACCDEEAACCDB"
"20191644","陳儒黃",0,"bottom","********************"
"20191645","榮群皇",100,"top","BCCDEEDEABCDEEDAACDB"
"20191646","冠李信",68.75,"mean","BCCDAADDABCEEEDCACDB"
"20191647","翔豪偉",37.5,"rear","BCEDEEAAABCBCABBAECB"
"20191648","慶林專",87.5,"front","BCCDEEAEABCDAEDAACDB"
"20191649","緣豪凱",31.25,"bottom","AEEDEEDBDEACBDDDACDB"
"20191650","林恆仁",37.5,"rear","BBCDECDECBDDCCBDCEDB"
"20191651","怡仲謝",31.25,"bottom","DCEDECBEDDBDAEEEACAB"
"20191652","吟韋文",43.75,"rear","BDBBEEEDEBCDEECCACDD"
"20191653","皇夢林",50,"rear","CCCDEEDEDBCCBDDADAAB"
"20191654","藍研榮",50,"rear","ECCDDDDEDBCAEEDAEDDC"
"20191655","楊昕融",25,"bottom","DEAAEADDDBCCEDCAACCC"
"20191656","奕奕劉",0,"bottom","********************"
"20191657","郭彬王",81.25,"front","BACDEEDEABCDEEDDACCB"
"20191658","肯恆林",75,"mean","BCCCEEBEEBCBEEDAACDB"
"20191659","揚安群",43.75,"rear","CCCCDEEEACCDEADAEBDE"
"20191660","秉諺梁",75,"mean","ACCDEEDECDCDEEDAACCB"
"20191661","柏黃育",62.5,"mean","BCCDEABEADEDEEAEACDB"
"20191662","健黃智",87.5,"front","BCCDEEDBABCDEEDBACDB"
"20191663","慶宏丞",0,"bottom","********************"
"20191664","揚李君",37.5,"rear","BCBCCEBBDECCEEDCACEB"
"20191665","王曾仁",87.5,"front","BCCDEADEABCDEEDABCDB"
"20191666","映成哲",43.75,"rear","CCCCBEDEABCADDDEECDE"
"20191667","葉益嘉",41.25,"rear","*DCDB*DC*BCEEEEBBCDB"
"20191668","子翔錞",37.5,"rear","DBAAEEDBABBEEEDBACAD"
"20191669","仁黃李",18.75,"bottom","BBABBADEDBCCEBEDCDEB"
"20191670","慶建諺",75,"mean","BDCDEEDCABCDEEDAECCB"
"20191671","群蔣明",62.5,"mean","BCADDEBBABCBEEDAACDD"
"20191672","王恆子",62.5,"mean","BCCDEE*EACCDE****BDB"
"20191673","憬榮陳",87.5,"front","BCCDEECEABCDEEEAACDB"
"20191674","嘉郁則",12.5,"bottom","DECDEDABAEAEBEACCBBB"
"20191675","丞徐鼎",62.5,"mean","BCEDEDDEBBCDDCDAAEDB"
"20191676","復柏毅",75,"mean","BCCDEEDEABCDECACACDC"
"20191677","陸詹梁",100,"top","BCCDEEDEABCDEEDAACDB"
"20191678","林廖澐",0,"bottom","********************"
"20191679","焱健成",0,"bottom","********************"
"20191680","宜許宏",100,"top","BCCDEEDEABCDEEDAACDB"
"20191681","憶錩韋",87.5,"front","CCCDEEDEADCDEEDAACDB"
"20191682","丞帆秦",28.75,"bottom","BC*DBC*A*CCBEBAADBDB"
"20191683","毅聰邱",75,"mean","BCDDEADEDBCDEEDADCDB"
"20191684","肇和翁",70,"mean","CCADCEDEABCD*EEAACDB"
"20191685","潔駿育",37.5,"rear","ADCDEADEEECDEAEABEDA"
"20191686","傑宏謝",37.5,"rear","EDEAEDDECBCDEEACAEAB"
"20191687","麒信林",100,"top","BCCDEEDEABCDEEDAACDB"
"20191688","寧韋輔",75,"mean","BCCDCEAEABCEEEDAACDA"
"20191689","夫汪帆",43.75,"rear","DCCDDEDCDBEDEBBAACEA"
"20191690","資宗吳",37.5,"rear","BCDAECDEDEADCEDADADE"
"20191691","良陳宏",75,"mean","BCCDEADEABADBEDAAEDB"
"20191692","哲宇王",87.5,"front","BCEDEEDEABCDDEDAACDB"
"20191693","育駱有",100,"top","BCCDEEDEABCDEEDAACDB"
"20191694","夢安章",18.75,"bottom","ECDEEDDEDEAEEABBBCCB"
"20191695","怡李忠",37.5,"rear","BCDDEECEACAACDACACDC"
"20191696","泓梁信",100,"top","BCCDEEDEABCDEEDAACDB"
"20191697","許林榮",87.5,"front","BCCDEADEABEDEEDAACDB"
"20191698","輔妤群",75,"mean","ACCBEEDEABCCEECAACDB"
"20191699","陳珊愷",62.5,"mean","BCCBDEEEABCDEBCAAEDB"
"20191700","駿冠子",75,"mean","BCCCEEDECBCDBEDAABDB"
"20191701","昇麒哲",72.5,"mean","BECDEEEEABCDE*D*AC*B"
"20191702","詞健文",43.75,"rear","BCCCEEEECBECEDDACCEC"
"20191703","洪陳林",68.75,"mean","BCDDBEDEABCDBEEAACDA"
"20191704","怡宜龔",68.75,"mean","BCADEEDAABCDDEDAACBA"
"20191705","涵儒盈",75,"mean","CCCDEEBEADCBEEDAACDB"
"20191706","聰豪昕",100,"top","BCCDEEDEABCDEEDAACDB"
"20191707","鴻智林",68.75,"mean","BCCDEEDEEBCDEEDAEBCC"
"20191708","芷奕豐",81.25,"front","BDCDEEDBABCDEBDAACDB"
"20191709","潔陳陳",0,"bottom","********************"
"20191710","吳哲昇",37.5,"rear","EBADEEAEADDBAEEEACDB"
"20191711","錞儒瑜",100,"top","BCCDEEDEABCDEEDAACDB"
"20191712","信輝哲",46.25,"rear","ACC**ED*BB*DE*DA*A*B"
"20191713","柏佳宇",68.75,"mean","BBCBEEDEABADEEAACCDB"
"20191714","聰宏陳",50,"rear","BACDEECECBCECECAAAEB"
"20191715","周李宜",100,"top","BCCDEEDEABCDEEDAACDB"
"20191716","勝哲連",31.25,"bottom","ECCEBDBDABCABCDACBDB"
"20191717","林佩楊",31.25,"bottom","BDEBCBDEDBCDDEEBECDD"
"20191718","仁陳寧",25,"bottom","BCCDBACDECEDEDDDBEDA"
"20191719","政陸子",81.25,"front","BCCDEEDEABADCEDACCDB"
"20191720","肇林冠",93.75,"top","BCCDAEDEABCDEEDAACDB"
"20191721","子盈研",77.5,"mean","BCE*EEDEABCDEEDAA*EB"
"20191722","宏錩蘇",87.5,"front","BCCDCCDEABCDEEDAACDB"
"20191723","竑泓劉",100,"top","BCCDEEDEABCDEEDAACDB"
"20191724","洪忠輝",75,"mean","BECDEDDEABCDEBBAACDB"
"20191725","平妤劉",75,"mean","BBCEEECEABCDEEDAACAB"
"20191726","彥致林",0,"bottom","********************"
"20191727","蔣陳邵",50,"rear","ACEDAADAEBCDDCDAACDB"
"20191728","劉錞陳",75,"mean","BCDDEEDEABCBEEDAECAB"
"20191729","孫昇峻",68.75,"mean","BCBCECDEABCDEADCACDB"
"20191730","振宣駿",0,"bottom","********************"
"20191731","許秦有",100,"top","BCCDEEDEABCDEEDAACDB"
"20191732","盈翁麒",87.5,"front","BCADEEDEABCDEEDAACDE"
"20191733","謙榮毅",25,"bottom","EC*ECA**A*C*AEDAAAAA"
"20191734","林智黃",75,"mean","BDCDEEDEAACDEEDAAADE"
"20191735","蔡張泰",31.25,"bottom","DCDCEDBDBCBDEEDAACCC"
"20191736","李文鑫",75,"mean","BCCDEEAEACCEEEBAACDB"
"20191737","許楚喬",62.5,"mean","ACCEBEDEABCCEDDEACDB"
"20191738","杜宗廷",68.75,"mean","BCCDEADEABBDEADAECBB"
"20191739","沂重肇",75,"mean","BC*DEE**AB*DEE*AACDB"
"20191740","宇豐林",0,"bottom","********************"
"20191741","俊涵宣",0,"bottom","********************"
"20191742","劉黃盈",87.5,"front","BCBDEEDEABCEEEDAACDB"
"20191743","許邱鼎",37.5,"rear","ACCDDDDADBBDECEEECDB"
"20191744","銘廷耀",93.75,"top","BCCEEEDEABCDEEDAACDB"
"20191745","翔厲緣",37.5,"rear","BCCDCAABBDBDEDBAACEB"
"20191746","榮欣盈",87.5,"front","BBCDEEDAABCDEEDAACDB"
"20191747","仁群林",62.5,"mean","BCCAEEAEABCCCEDDACCB"
"20191748","陳諺翔",43.75,"rear","AEDEEECEABCDEBDABDDA"
"20191749","豪哲泓",32.5,"bottom","*B*B*EDEB*CDEC*BAC*D"
"20191750","承冠偉",68.75,"mean","BCCDDEDEABCBEEBAAAEB"
"20191751","傑柏慶",57.5,"rear","BCEBECDEEBCDEEDAB*DD"
"20191752","羅芷許",93.75,"top","BCCDEEDEABCDEEAAACDB"
"20191753","智輝榮",75,"mean","DCCDEEDDABCDEEBAACBB"
"20191754","許陳家",77.5,"mean","B*CAEEDEDB*DEEDAACDB"
"20191755","涵群健",37.5,"rear","CCADEEBBCEDEEEEAACDD"
"20191756","竑詞鄭",18.75,"bottom","BDDDEAEBACDCABDCECCB"
"20191757","林專許",62.5,"mean","BCADEDDEADCDEEBEDCDB"
"20191758","育李憬",31.25,"bottom","CBCEBABEABCCCADAECDA"
"20191759","偉恩如",56.25,"rear","BDDDCEDEABBDEEDACBDA"
"20191760","林君林",50,"rear","BCDDEDBEAADAEEBAACBB"
"20191761","信忠謙",0,"bottom","********************"
"20191762","宣葉盈",31.25,"bottom","EBCDDDBEBBEDDEEAECDD"
"20191763","昕毓莊",87.5,"front","BCCDEECEABCDEEDBACDB"
"20191764","信寧冠",68.75,"mean","BCEDEEDDABADEEDCACEB"
"20191765","丞謝富",43.75,"rear","CCCDEEDBABAEAECADCBC"
"20191766","王潘建",62.5,"mean","BEBDCEDAABCDBEEAACDB"
"20191767","正鄭健",100,"top","BCCDEEDEABCDEEDAACDB"
"20191768","瑄弘邱",75,"mean","BCAEEEDEABCAEEDAACDE"
"20191769","帆永友",75,"mean","BCCDEDEEABCEAEDAACDB"
"20191770","曾陸偉",68.75,"mean","BBBDEEDEABCDEAABACDB"
"20191771","李陸洪",87.5,"front","BCCDEEBEABCDAEDAACDB"
"20191772","洪吳柏",43.75,"rear","BCDDABDEACBCEAEAAADB"
"20191773","安達清",68.75,"mean","BCCDEEDCABCBEDCABCDB"
"20191774","家仁陳",100,"top","BCCDEEDEABCDEEDAACDB"
"20191775","蔣育韋",68.75,"mean","BCCBAEBEBDCDEEDAACDB"
"20191776","林鄭榮",100,"top","BCCDEEDEABCDEEDAACDB"
"20191777","邱郁陸",93.75,"top","BCCDEEBEABCDEEDAACDB"
"20191778","李苡徐",81.25,"front","BCCDEBDEABCEEEDAACEB"
"20191779","峻曾嘉",25,"bottom","DABDCADAEBDDBAADACDB"
"20191780","琬昕洪",31.25,"bottom","ACEDEACEDCCEEAECCCDB"
"20191781","張建鈞",68.75,"mean","BCCEEEDEBACDBEBAACDB"
"20191782","邵許帆",80,"mean","BCCDE*DEABCDEEDA***B"
"20191783","政舒潔",68.75,"mean","BCCDEEBAACCDCECAACDB"
"20191784","莊洪育",62.5,"mean","**CDEED**ECDEE*AACCB"
"20191785","肯欣林",25,"bottom","ABCEAEACCDCEEEDEADEB"
"20191786","連昕鵬",81.25,"front","BDCAEEDEAACDEEDAACDB"
"20191787","嘉王李",100,"top","BCCDEEDEABCDEEDAACDB"
"20191788","焱嘉諭",87.5,"front","BCCDDEDEABCDEADAACDB"
"20191789","峻益彥",37.5,"rear","EACDEEADADCEEEECEDDB"
"20191790","緣健昌",56.25,"rear","BCEAEEDECDCAEEDCBCDB"
"20191791","厲憬文",93.75,"top","BCCDEEDEABCAEEDAACDB"
"20191792","彬曾蓉",81.25,"front","BCCDEEDEAECBEEDAADDB"
"20191793","榮鵬林",75,"mean","BACDEADECBCDEEDDACDB"
"20191794","峻帆湛",37.5,"rear","DBCDBADEABCDEBBEBABB"
"20191795","盈李儀",100,"top","BCCDEEDEABCDEEDAACDB"
"20191796","莊良達",43.75,"rear","BECDEEBBABEDCCCADCCB"
"20191797","昌育章",0,"bottom","********************"
"20191798","秉子文",81.25,"front","BECAEEDEABCDEEDACCDB"
"20191799","皇佩夢",37.5,"rear","BCACEDDDAECEAEDDBCDE"
"20191800","陳榮林",81.25,"front","BCDDEECEAACDEEDAACDB"
"20191801","嘉維峻",46.25,"rear","BDCDEABEA*CDEAD*DDDE"
"20191802","良許智",62.5,"mean","BECBEEDEBCADEEDBACDB"
"20191803","承帆韻",75,"mean","BCCAEEDECBEDCEDAACDB"
"20191804","劉邵振",81.25,"front","ECCDEEDEABBDEECAACDB"
"20191805","魏陳洪",31.25,"bottom","BABDABAEBBCDEDCACBDE"
"20191806","詹慶李",100,"top","BCCDEEDEABCDEEDAACDB"
"20191807","縉昱專",62.5,"mean","BCCEEEDEAEDBEEDAABAB"
"20191808","駱洪皇",75,"mean","BEADEEDEABCDABDAACDB"
"20191809","彥蔣汪",37.5,"rear","CDCDADCAABCCEBCCACDB"
"20191810","林林廖",31.25,"bottom","BCCDECBCDBBACBEEACEB"
"20191811","柏郁宜",12.5,"bottom","EBABEDBCAEADEADBBDEB"
"20191812","宣陳林",68.75,"mean","BCCDDDAEDBCDEEDAECDB"
"20191813","禹仁奕",18.75,"bottom","EDBDBDBAAACADEAAAECB"
"20191814","邱蔣黃",75,"mean","BCCDCEDEABCDBDDAACBB"
"20191815","蔣鑫皇",100,"top","BCCDEEDEABCDEEDAACDB"
"20191816","復憶涵",87.5,"front","ECCDEEDEABCDEEDEACDB"
"20191817","黃潘謝",0,"bottom","********************"
"20191818","蔡鵬洪",87.5,"front","BCCDAEDEABCDEEDDACDB"
"20191819","劉融鄭",75,"mean","BCCDBBCEABDDEEDAACDB"
"20191820","林黃周",93.75,"top","BCCDEEDEABCDEEDAACDC"
"20191821","黃安泓",31.25,"bottom","EACDEBBEBACAAEBAACBA"
"20191822","寧謝彥",87.5,"front","BCCDEEDEABCDEEAACCDB"
"20191823","黃家輝",0,"bottom","********************"
"20191824","昇有肯",50,"rear","BCCDAEDCEACDBAAAACCB"
"20191825","翔健恩",93.75,"top","BCCEEEDEABCDEEDAACDB"
"20191826","陳葉昱",0,"bottom","********************"
"20191827","耀毓翰",68.75,"mean","CCCDEEDEABBECEDCACDB"
"20191828","李竑汪",25,"bottom","DECEEBCEBEBEEEEBADDB"
"20191829","邱許陳",0,"bottom","********************"
"20191830","吳洪專",75,"mean","BCCDECDEADCDEEDAAEAB"
"20191831","廷家章",81.25,"front","BCCDAEDEBCCDEEDAACDB"
"20191832","恩邱吳",68.75,"mean","DBCDEEECABCDEBDAACDB"
"20191833","如黃林",50,"rear","BDCEEADEAADDAEBAAADB"
"20191834","陳陽詞",25,"bottom","CCCDEEDBEEDDBAEBCEEB"
"20191835","輝煌林",87.5,"front","BCCDEEDEABCDEBDCACDB"
"20191836","家仲詹",62.5,"mean","CCDDDEDAABCDCEDADCDB"
"20191837","李弘林",100,"top","BCCDEEDEABCDEEDAACDB"
"20191838","則林梓",62.5,"mean","BCCBEDEEACEDEEDAABDB"
"20191839","賴許儒",62.5,"mean","BCCDEADCABCBECDADCBB"
"20191840","李家陳",37.5,"rear","CCDDBEBEECCDEDDAABBA"
"20191841","瑞林秉",75,"mean","BCCDEEDEAACDEEEDACDA"
"20191842","孟韻薏",37.5,"rear","BCBEDCCCACCEEBDAACAB"
"20191843","智有秉",68.75,"mean","DCDDEEDEBBEDEEDAACBB"
"20191844","宇文連",56.25,"rear","DCCDEEBCCBDDEEDCBCDB"
"20191845","孟李榮",81.25,"front","BBCDEECEABCDEEDAACCB"
"20191846","潘冠豪",37.5,"rear","CACDBADCAECBEEDAADCD"
"20191847","志林陳",37.5,"rear","BACCEEDEAABCCDAACBDB"
"20191848","鈞黃藍",75,"mean","BCBDEECEABADEECAACDB"
"20191849","蘇珊郭",43.75,"rear","BDCCCEDEADDDDCDAEDDB"
"20191850","許麒郭",93.75,"top","BCCDEEDEABCDEEDAACEB"
"20191851","儒國郁",18.75,"bottom","AB**B*AEDDCEEE**DEDB"
"20191852","俊智陳",0,"bottom","********************"
"20191853","羅蔡焱",93.75,"top","CCCDEEDEABCDEEDAACDB"
"20191854","駿恩許",25,"bottom","DECDCAADDBCCBEEAACCD"
"20191855","妤皇薏",50,"rear","BCAAEADEABCDEEEEDBBB"
"20191856","豪葉良",81.25,"front","BCEDDEDBABCDEEDAACDB"
"20191857","麒育怡",93.75,"top","BCCDEEDEAACDEEDAACDB"
"20191858","連有黃",100,"top","BCCDEEDEABCDEEDAACDB"
